article_id,parameter_class,aggregated,id,value,unit,rate_denominator,value_type,statistical_approach,single_type_uncertainty,single_type_uncertainty_value,paired_uncertainty,paired_uncertainty_lower_bound,paired_uncertainty_upper_bound,distribution_type,population_sex,population_sample_size,population_sample_type,population_group,population_age_min,population_age_max,population_country,population_location,delay_type,delay_type_note,type,numerator,denominator,parameter_type,method,transmission,lower_bound,upper_bound,disaggregated_by,aggregated_ids,genome_site
PMID_31107222,attack_rate,False,263452c1-ccee-4bc3-9d21-dd13359324ae,0.56,percentage,,mean,observed_sample_statistic,,,CI95%,20.9,29.2,,Both,423.0,Hospital based,Mixed groups,0.0,,Nigeria,"Edo, Ondo, Ebonyi (Nigeria)",,,,,,,,,,,,,
PMID_31107222,human_delay,False,eaacb2d5-d1b3-40d5-a3db-f7ea55feeaed,7.0,days,,mean,observed_sample_statistic,,,CI95%,20.9,29.2,,Both,423.0,Hospital based,Mixed groups,0.0,,Nigeria,"Nationwide (cases reported from 20 states and the Federal Capital Territory, primarily from Edo, Ondo, and Ebonyi states)",symptom_onset__to__admission,,,,,,,,,,,,
PMID_31107222,relative_contribution,False,2fc05781-8b09-4df7-906f-cce0cd6c8a3b,0.177,,,mean,observed_sample_statistic,,,CI95%,20.9,29.2,,Both,423.0,Hospital based,Persons with symptoms,0.0,,Nigeria,"Multiple states (Edo, Ondo, Ebonyi)",,,human_to_human,,,,,,,,,,
PMID_31107222,severity,False,38f07abe-064e-45fd-83d9-243fe841c145,0.25059,,,mean,observed_sample_statistic,,,CI95%,20.9,29.2,,Both,423.0,Hospital based,Persons with symptoms,0.0,,Nigeria,Nationwide (20 states and Federal Capital Territory),,,,106.0,423.0,CFR,naive,,,,,,
PMID_31107222,severity,False,496f4149-671e-4f55-a3a4-87eb7e7cad9b,1.0,,,mean,observed_sample_statistic,,,CI95%,20.9,29.2,,Both,423.0,Hospital based,Persons with symptoms,0.0,,Nigeria,Nationwide (20 states and Federal Capital Territory),,,,1.0,1.0,CFR,naive,,,,,,
PMID_26276630,human_delay,False,7495da81-c41c-4c6c-a3cd-f06e11e09399,9.3,days,,median,estimated_model_parameter,,,CRI95%,915.0,1218.0,,Unspecified,67.0,Hospital based,Persons with symptoms,,,Sierra Leone,Kenema Government Hospital,symptom_onset__to__admission,,,,,,,,,,,,
PMID_26276630,relative_contribution,False,5e848e19-3fea-4470-af3a-30a22ed9db5f,0.03,,,median,estimated_model_parameter,,,CRI95%,915.0,1218.0,,Unspecified,107.0,Hospital based,Persons with symptoms,,,Sierra Leone and Nigeria,Kenema Government Hospital (Sierra Leone) and Irrua Specialist Teaching Hospital (Nigeria),,,human_to_human,,,,,,,,,,
PMID_31918780,growth_rate,False,95ee5d63-11c3-4565-93c8-e36eddcc7f03,,other_or_unspecified,,mean,estimated_model_parameter,,,CI95%,1.29,1.37,,Unspecified,,Population based,General population,,,Nigeria,"Nationwide (including states Edo, Ondo, Ebonyi, Bauchi, Plateau)",,,,,,,,,,,,,
PMID_31918780,reproduction_number,False,e6638f0b-6e20-49b6-8a52-b6abb1ebba2e,1.33,,,mean,estimated_model_parameter,,,CI95%,1.29,1.37,,Unspecified,,Population based,General population,,,Nigeria,"Nigeria (national) and five states: Edo, Ondo, Ebonyi, Bauchi, Plateau",,,effective_Re,,,,growth_rate,human,,,,,
PMID_31918780,reproduction_number,False,ba228a2b-8709-41e9-bb68-cfc4a23f09a8,1.62,,,mean,estimated_model_parameter,,,CI95%,1.29,1.37,,Unspecified,,Population based,General population,,,Nigeria,"Nationwide (Nigeria) and selected states: Edo, Ondo, Ebonyi, Bauchi, Plateau",,,effective_Re,,,,growth_rate,human,,,,,
PMID_31918780,reproduction_number,False,bbb92f07-4833-46e3-9fc1-668fec5a4337,1.28,,,mean,estimated_model_parameter,,,CI95%,1.29,1.37,,Unspecified,400.0,Population based,Persons with symptoms,,,Nigeria,"Nationwide (including states Edo, Ondo, Ebonyi, Bauchi, Plateau)",,,effective_Re,,,,growth_rate,human,,,,,
PMID_31918780,reproduction_number,False,da5bfd34-af5b-443b-9eb8-75ec1dc893b9,1.09,,,mean,estimated_model_parameter,,,CI95%,1.29,1.37,,Unspecified,,Population based,General population,,,Nigeria,"Nationwide (and state-level: Edo, Ondo, Ebonyi, Bauchi, Plateau)",,,effective_Re,,,,growth_rate,human,,,,,
PMID_31918780,reproduction_number,False,1753a702-2710-46f4-ba60-0a7309f9496e,1.1,,,mean,estimated_model_parameter,,,CI95%,1.29,1.37,,Unspecified,,Population based,General population,,,Nigeria,"Nigeria (national level) and states Edo, Ondo, Ebonyi, Bauchi, Plateau",,,effective_Re,,,,growth_rate,human,,,,,
PMID_31918780,reproduction_number,True,2b4d1e16-faaa-402b-8fb2-355d790abfd4,,,,,,,,,,,,,,,,,,,,,,,,,,,,1.08,1.55,['population_group'],"['32fd1ef8-6336-4c89-a49f-228520074325', '9ee4eb78-33b2-4d28-8ca2-8698f2ffc02b', '2200c872-63c1-4cd3-ab9d-dba8c30e158d', 'c0dbc549-e7c6-4f97-9640-0cf843b5effa', 'f5f926b4-2173-48fe-986f-49042bc04e30', '8bab6710-963d-4923-b2c3-cb2c6a96a438']",
PMID_25569707,human_delay,False,2e6bf1da-76d4-4d05-91e5-1533f771c0e2,3.5,weeks,,mean,estimated_model_parameter,,,IQR,0.15,0.3,,Unspecified,295.0,Hospital based,Persons with symptoms,,,Sierra Leone,"Kenema Government Hospital, Lassa Ward, Kenema",infectious_period,,,,,,,,,,,,
PMID_25569707,relative_contribution,False,d723a2aa-e9c2-48b2-b911-9f25dddd33b6,0.8,,,median,estimated_model_parameter,,,IQR,0.15,0.3,,Both,295.0,Hospital based,Persons with symptoms,,,Sierra Leone,"Kenema Government Hospital, Kenema",,,zoonotic_to_human,,,,,,,,,,
PMID_25569707,relative_contribution,True,9e2a502d-5201-4801-a9c4-f78c5ab66296,,,,,,,,,,,,,,,,,,,,,,,,,,,,0.15,0.3,['population_sample_size'],"['d42222f7-f4bb-4954-bdd8-c7e68368c6c5', 'b1e45723-cec2-46dc-8e95-5483384c1343']",
PMID_25569707,reproduction_number,True,1e70ab11-5aaa-4200-9d5b-3ead383861bc,,,,,,,,,,,,,,,,,,,,,,,,,,,,0.04,11.7,"['value_type', 'population_sample_size']","['2a4dd702-c98c-4613-a321-7073e1d64f8a', '1f64be80-f546-480b-9a86-8dbb57e2ac13', '7efbee5f-eaf1-43a7-bbe7-2d518729358c', '43ef8781-7140-49fa-bb24-ff15faa5f411']",
PMID_25229705,attack_rate,False,edf4fdac-c479-4090-9064-3620b34aa105,8.0,percentage,,mean,observed_sample_statistic,,,CI95%,0.15,0.21,,Both,1551.0,Mixed settings,Other,,,"Guinea, Mali","17 villages across Guinea and Mali (e.g., Bantou, Gbetaya, Tanganya, Bamba, etc.)",,,,,,,,,,,,,
PMID_25229705,attack_rate,False,28d2ba6b-56e9-4790-bcab-6aeb4655302c,18.0,percentage,,mean,observed_sample_statistic,,,CI95%,15.0,21.0,,Unspecified,1551.0,Mixed settings,Other,,,Guinea and Mali,"17 villages across Guinea and Mali (e.g., Bantou, Gbetaya, Tanganya, Bamba, etc.)",,,,,,,,,,,,,
PMID_25229705,attack_rate,False,4f464841-9074-4aaa-84ce-4f536042392c,27.0,percentage,,mean,observed_sample_statistic,,,CI95%,15.0,21.0,,Unspecified,1551.0,Other,Other,26.0,600.0,"Guinea, Mali","17 villages across Guinea and Mali (including Bantou, Gbetaya, Tanganya, Bamba, etc.)",,,,,,,,,,,,,
PMID_25229705,attack_rate,False,9bbacd0c-b60c-4b6f-b5a6-811a6aebceab,21.0,percentage,,mean,observed_sample_statistic,,,CI95%,0.15,0.21,,Both,1551.0,Other,Other,,,"Guinea, Mali",17 villages across Guinea and Mali,,,,,,,,,,,,,
PMID_25229705,attack_rate,False,c78718d9-1da7-4d3e-9cac-a86c8bfa96ac,12.0,percentage,,mean,observed_sample_statistic,,,CI95%,72.0,100.0,,Unspecified,1551.0,Community based,Other,,,Guinea and Mali,"17 villages in Guinea and Mali (e.g., Bantou, Gbetaya, Tanganya, Bamba, etc.)",,,,,,,,,,,,,
PMID_25229705,attack_rate,False,0007b122-8e5e-4f6b-9853-a2ef874dc15d,39.0,percentage,,mean,observed_sample_statistic,,,CI95%,15.0,21.0,,Both,1551.0,Mixed settings,Other,,,"Guinea, Mali","17 villages across Guinea and Mali (e.g., Bantou, Gbetaya, Tanganya, Bamba, etc.)",,,,,,,,,,,,,
PMID_25229705,attack_rate,False,ab1b5bf9-f626-4606-8d01-438f90e89002,20.0,percentage,,mean,observed_sample_statistic,,,CI95%,0.23,0.32,,Unspecified,1551.0,Population based,Other,,,Guinea (and Mali),"17 villages in Guinea and Mali (e.g., Bantou, Gbetaya, Tanganya, Bamba, etc.)",,,,,,,,,,,,,
PMID_25229705,seroprevalence,False,0af48673-6064-4c14-9a81-20c7ebf1cafe,0.08,,,mean,observed_sample_statistic,,,CI95%,15.0,21.0,,Unspecified,1551.0,Mixed settings,Mixed groups,,,"Guinea, Mali","17 villages in Guinea and Mali (including Bantou, Gbetaya, Tanganya, Bamba, Gania, Kaali, etc.)",,,,129.0,1551.0,IgG,,,,,,,
PMID_25229705,seroprevalence,False,b2b2a469-5313-4d39-bcad-44cc27b0a511,0.18,,,mean,observed_sample_statistic,,,CI95%,15.0,21.0,,Unspecified,1551.0,Population based,Other,,,"Guinea, Mali",17 villages across Guinea and Mali,,,,109.0,596.0,IgG,,,,,,,
PMID_25229705,seroprevalence,False,de82241f-8399-4838-9710-de4a3cae187e,0.21,,,mean,observed_sample_statistic,,,CI95%,72.0,100.0,,Both,1551.0,Other,Other,0.0,600.0,"Guinea, Mali","17 villages across Guinea and Mali (e.g., Bantou, Gbetaya, Tanganya)",,,,43.0,201.0,IgG,,,,,,,
PMID_33657095,seroprevalence,False,fb1f5dbf-c57e-4157-ac77-5afa5e212f05,0.05,,,mean,observed_sample_statistic,standard_deviation,0.05,,,,,Unspecified,12711.0,Population based,General population,,,West Africa,,,,,,,IFA,,,,,,,
PMID_33657095,seroprevalence,False,06051132-abd9-42b8-8af4-5d5acec0bcd3,0.33,,,mean,observed_sample_statistic,standard_deviation,0.05,,,,,Unspecified,12711.0,Population based,General population,,,"Ghana, Guinea, Liberia, Mali, Sierra Leone",,,,,,,Unspecified,,,,,,,
PMID_19924222,seroprevalence,False,757c19be-ec40-47b7-b24c-1c57dd6f13b9,0.115,,,mean,observed_sample_statistic,,,CI95%,9.3,13.3,,Both,977.0,Population based,General population,1.0,99.0,Guinea,"Gueckedou, Lola, Yomou prefectures, Guinea",,,,112.0,977.0,IgG,,,,,,,
PMID_19924222,seroprevalence,False,755aa1fe-9a22-4b75-a927-7c330e7c5d09,0.113,,,mean,observed_sample_statistic,,,CI95%,9.5,13.5,,Both,977.0,Population based,General population,1.0,99.0,Guinea,"Gueckedou, Lola, Yomou prefectures",,,,,,IgG,,,,,,,
PMID_19924222,seroprevalence,False,794422c3-5a70-4ce3-bb66-50a516160317,0.129,,,mean,observed_sample_statistic,,,CI95%,9.5,13.5,,Both,977.0,Population based,General population,1.0,,Guinea,"Gueckedou, Lola, Yomou prefectures (Forest Region), Guinea",,,,,,IgG,,,,,,,
PMID_19924222,seroprevalence,False,36aae1df-620b-475f-b247-15a5b695fc67,0.1,,,mean,observed_sample_statistic,,,CI95%,0.093,0.133,,Both,977.0,Population based,General population,1.0,,Guinea,"Gueckedou, Lola, Yomou (forest region)",,,,,,IgG,,,,,,,
PMID_32186504,attack_rate,True,0f0710f9-a9ca-468b-aa3d-c0361c9c5497,,,,,,,,,,,,,,,,,,,,,,,,,,,,0.2,1.8,"['age', 'sex']","['8a0914da-9716-4252-94fe-52e3b76dada2', '5214e0de-8470-4507-ba26-c69ad06c6a56', '10984978-45a6-467c-abf3-2ff3db6c8304']",
PMID_32186504,severity,True,10bea10f-cca0-4e12-bff9-cd4f2b5abcb2,,,,,,,,,,,,,,,,,,,,,,,,,,,,0.333,0.666,"['age group', 'year']","['8b87c38d-b3de-4613-ac2a-8909b399b51c', '35026515-b3e9-4606-958d-6eec12a448bc', 'e2efcd95-9822-4533-b8eb-043c7efb81dd', '88071b89-b43e-46f4-94a1-145e8c53d93e']",
DOI_2f2f079e9a7f,severity,False,970f4d61-f5fa-4446-a519-36cdb3726901,0.36,,,mean,observed_sample_statistic,standard_deviation,11.0,,,,,Both,34.0,Hospital based,Persons with symptoms,,,Nigeria,"Jos University Teaching Hospital, Jos, Plateau State",,,,4.0,11.0,CFR,naive,,,,,,
PMID_27588425,growth_rate,True,c6742f8a-5348-450c-8ee1-5d27572638c8,,,,,,,,,,,,,,,,,,,,,,,,,,,,0.008338,0.02,['population_group'],"['e3857201-8cb8-4e19-be90-e7d1d3dc2a55', '850ea2ad-2784-4461-9acc-29f67378a8b2', '5c15d5fd-dcf6-4f9a-9ac7-77ef7c422a10']",
PMID_27588425,relative_contribution,False,2ba0a7b7-90ce-4ac7-9c56-d90794374ae0,0.22,,,mean,estimated_model_parameter,standard_deviation,0.0006919,,,,,Unspecified,1002.0,Hospital based,Persons with symptoms,,,Sierra Leone,"Kenema Government Hospital, Kenema",,,human_to_human,,,,,,,,,,
PMID_27588425,severity,False,3997dda9-e1d4-446e-8e1c-a61601474298,0.54,,,mean,estimated_model_parameter,standard_deviation,0.0006919,,,,,Unspecified,1002.0,Hospital based,Persons with symptoms,,,Sierra Leone,"Kenema Government Hospital, Kenema",,,,,,CFR,naive,,,,,,
PMID_34460421,seroprevalence,False,577fd62d-f9f6-4d26-8e59-ad9be7188766,0.077,,,mean,observed_sample_statistic,,,CI95%,0.11,0.16,,Unspecified,39.0,Contact based,Other,,,Nigeria,"Ekpoma, Edo State (Ihumudumun Quarters), Nigeria",,,,3.0,39.0,IgM,,,,,,,
PMID_34460421,seroprevalence,True,f18634cf-ec8b-42ab-8eb8-5d14cb606f3c,,,,,,,,,,,,,,,,,,,,,,,,,,,,0.006,0.06,['time period'],"['0a47919e-dda2-4adb-975f-d9e9d17b8f8d', '9fa36888-eed2-45ec-8ef9-faa950ce3ce9', '8e805447-610f-4c29-aaa8-ebf4afe58d82']",
PMID_34460421,severity,False,a90cddc1-23a8-4edd-86db-30e5fe318681,0.46296,,,mean,observed_sample_statistic,,,CI95%,23.23,27.41,,Both,,Hospital based,Persons with symptoms,,,Nigeria,,,,,25.0,54.0,CFR,naive,,,,,,
PMID_34460421,severity,False,f452a247-fb2f-40c7-8f43-3a36d6cc59de,0.285714,,,mean,observed_sample_statistic,,,CI95%,23.23,27.41,,Unspecified,28011.0,Hospital based,Persons with symptoms,,,Nigeria,Nationwide,,,,2.0,7.0,CFR,naive,,,,,,
PMID_34460421,severity,False,c3c739fd-11d1-42ed-809f-106b5fbb2746,1.0,,,mean,observed_sample_statistic,,,range,1.0,21.0,,Unspecified,,Hospital based,Persons with symptoms,,,Nigeria,,,,,1.0,1.0,CFR,naive,,,,,,
PMID_37956170,relative_contribution,False,4f53bf44-5f53-4c09-b8a2-f9a25c46f632,0.975,,,median,estimated_model_parameter,,,CRI90%,0.418,0.435,,Both,,Population based,General population,,,Nigeria,National,,,zoonotic_to_human,,,,,,,,,,
PMID_37956170,relative_contribution,False,6c2de4e5-92b8-4861-95e4-75d6eb6e35f3,0.99,,,median,estimated_model_parameter,,,CRI90%,0.418,0.435,,Unspecified,,Population based,Persons with symptoms,,,Nigeria,National,,,zoonotic_to_human,,,,,,,,,,
PMID_37956170,seroprevalence,False,993eea76-860f-455b-a4de-2e20b78ad886,0.582,,,median,estimated_model_parameter,,,CRI90%,0.418,0.435,,Both,1006.0,Population based,Persons with symptoms,,,Nigeria,,,,,,,Unspecified,,,,,,,
PMID_30500827,mutation_rate,True,4027f4bb-6700-4041-bae8-5d59727a8021,,,,,,,,,,,,,,,,,,,,,,,,,,,,0.00077,0.00169,['genome_site'],"['c03f53bd-0633-4ffd-9a28-738adff3c0a2', '13e04850-bbc2-4f2f-8043-59973863a3c7', '0597bbfa-a66f-4566-8f27-7087526956c4', 'e15710aa-cdd1-4ad7-a906-a94ec162d35e']",
PMID_32956349,reproduction_number,False,246267dc-7267-4c8f-928e-cbdeac5121b7,1.54,,,mean,estimated_model_parameter,,,CRI95%,1.33,2.32,,Both,,Population based,Other,,,Guinea,Bantou and Tanganya,,,basic_R0,,,,compartmental_model,other,,,,,
PMID_31413134,mutation_rate,False,36619b47-a4d9-4d7b-afa9-1fb026246496,0.00078,substitutions_per_site_per_year,,median,estimated_model_parameter,,,highest_posterior_density_interval_95%,2.36,12.2,,Unspecified,219.0,Hospital based,Persons with symptoms,,,Nigeria,"Multiple Nigerian states (e.g., Edo, Ebonyi, Imo, Ondo, etc.)",,,,,,substitution_rate,,,,,,,S segment
PMID_26981786,seroprevalence,False,c67c3674-b717-4a1a-8bdd-bf1c55b94722,0.332,,,mean,observed_sample_statistic,,,CI95%,29.4,37.1,,Both,600.0,Community based,General population,0.5,83.0,Mali,"Soromba, Bamba, and Banzana villages, Sibirila commune, Bougouni District, Southern Mali",,,,199.0,600.0,IgG,,,,,,,
PMID_26981786,seroprevalence,False,4d450bbd-c6b8-4775-b28b-719950182eef,0.0067,,,mean,observed_sample_statistic,,,CI95%,37.0,51.2,,Both,600.0,Community based,General population,0.0,83.0,Mali,"Soromba, Bamba, and Banzana villages, Sibirila Commune, Bougouni District, Southern Mali",,,,4.0,600.0,IgM,,,,,,,
PMID_26981786,seroprevalence,False,a383fc10-a19b-4a85-be89-8558afa48cdc,0.44,,,mean,observed_sample_statistic,,,CI95%,29.4,37.1,,Both,600.0,Community based,General population,0.5,83.0,Mali,"Soromba, Bamba, and Banzana villages, Sibirila Commune, Bougouni District, Southern Mali",,,,88.0,200.0,IgG,,,,,,,
PMID_26981786,seroprevalence,False,a2381e8c-7c6d-4b49-acf5-5d1f165f3d7c,0.145,,,mean,observed_sample_statistic,,,CI95%,29.4,37.1,,Both,600.0,Community based,General population,0.58,83.0,Mali,"Soromba, Bamba, and Banzana villages, Sibirila commune, Bougouni District, Southern Mali",,,,29.0,200.0,IgG,,,,,,,
PMID_33684118,human_delay,True,a68f8507-af70-4f0c-b959-a436d6980b80,,,,,,,,,,,,,,,,,,,,,,,,,,,,7.0,14.0,"['outbreak', 'case_type']","['0dbe3d36-ce84-48d2-b5a4-3ec72dbd2dad', 'ba78aca3-2e67-4bc8-8829-458e7147db0d', '2ad05677-e184-429c-bf8e-4d9f52ae0621', '281577f9-c2ce-446e-91fa-e25a0efffaf3', 'a94bc48b-7c11-42cf-95b2-1c018fe00784']",
PMID_33684118,severity,False,2aec9890-ef36-4c1e-8f8b-9c514fad6a6d,0.299,,,mean,observed_sample_statistic,standard_deviation,19.4,,,,,Both,83.0,Hospital based,Persons with symptoms,,,Nigeria,"Alex Ekwueme Federal University Teaching Hospital (AEFUTHA), Abakaliki, Ebonyi State",,,,20.0,67.0,CFR,unknown,,,,,,
PMID_33684118,severity,False,ac60f4e7-0537-43cf-95a0-58b36111763f,0.857,,,mean,estimated_model_parameter,,,CI95%,2.9,68.9,,Both,83.0,Hospital based,Persons with symptoms,,,Nigeria,"Alex Ekwueme Federal University Teaching Hospital Abakaliki, Ebonyi State, Nigeria",,,,12.0,14.0,CFR,naive,,,,,,
PMID_33684118,severity,False,ec1d475a-ac61-4e89-b103-4236add36c20,0.27,,,mean,estimated_model_parameter,,,CI95%,2.9,68.9,,Both,83.0,Hospital based,Persons with symptoms,,,Nigeria,"Virology Centre, Alex Ekwueme Federal University Teaching Hospital Abakaliki, Ebonyi State",,,,,,CFR,unknown,,,,,,
PMID_33684118,severity,False,730b2402-03b7-47c3-bfda-d4b34b49eded,0.242,,,central,estimated_model_parameter,,,CI95%,2.9,68.9,,Both,83.0,Hospital based,Persons with symptoms,,,Nigeria,"Virology Centre, Alex Ekwueme Federal University Teaching Hospital Abakaliki, Ebonyi State",,,,,,CFR,unknown,,,,,,
PMID_26911443,mutation_rate,True,d6e5da20-2071-4b75-a0d9-bb099a2711d1,,,,,,,,,,,,,,,,,,,,,,,,,,,,0.000889,0.0009,['sex'],"['5c586724-b76c-455f-8c64-81defb8929fa', 'a705d738-62a8-422e-9687-f05340326234', '3a355c67-9e81-4d88-a81d-59a3fa0fa1ba', '88805a8a-fe7b-4dea-8fc4-dce950c91243', '90c5d9d2-576a-4a2f-8e20-1f2b8db6fc6e']",
PMID_37192152,severity,False,7884e238-9908-4c55-ba5c-1df284339d9c,0.8,,,mean,estimated_model_parameter,,,CI95%,-0.234,-0.036,,Unspecified,510.0,Population based,Persons with symptoms,,,Nigeria,Nigeria (17 states),,,,,,proportion_of_asymptomatic_cases,unknown,,,,,,
PMID_37192152,severity,True,6eff2742-b65d-4954-a22c-d6e1a99136b2,,,,,,,,,,,,,,,,,,,,,,,,,,,,0.01,0.2,['population_group'],"['85ce46e0-4589-4ef4-9c45-9be0e419750b', 'cecac517-574c-4c2c-aff0-a6f8e96f8044', 'f57b20ad-6f15-4742-be77-add65cc2b6c8']",
PMID_37714907,reproduction_number,False,96d540ca-02ad-4d44-bdad-aa4efa27cf25,13.001,,,,,,,,,,,Both,,Population based,Persons with symptoms,,,Nigeria,Various states in Nigeria,,,basic_R0,,,,other,other,,,,,
PMID_36758101,seroprevalence,False,2751bb5e-01ab-413c-9bf9-d3e660a60f4d,0.16,,,median,observed_sample_statistic,,,IQR,4.7,35.2,,Both,10642.0,Community based,General population,,,Sierra Leone,"Kenema, Tonkolili, and Port Loko districts",,,,,,IgG,,,,,,,
PMID_36758101,seroprevalence,False,c346fbc0-b8e4-4e18-8f30-c0e9ba771f1d,0.2012,,,central,observed_sample_statistic,,,,,,,Both,10642.0,Population based,General population,,,Sierra Leone,"Kenema, Tonkolili, and Port Loko Districts",,,,1040.0,5168.0,IgG,,,,,,,
PMID_36758101,seroprevalence,False,5c847666-ef17-4c8a-829f-f5820acba1ec,0.201,,,median,observed_sample_statistic,,,IQR,4.7,35.2,,Both,10642.0,Population based,General population,,,Sierra Leone,"Kenema, Tonkolili, and Port Loko districts",,,,,,IgG,,,,,,,
PMID_36758101,seroprevalence,False,54adb681-6b05-4f0c-b2a6-c7d56177fd9e,0.1061,,,mean,estimated_model_parameter,,,CI95%,1.07,1.09,,Both,10642.0,Population based,General population,,,Sierra Leone,"Kenema, Tonkolili, and Port Loko Districts, Sierra Leone",,,,339.0,3196.0,IgG,,,,,,,
PMID_36758101,seroprevalence,False,caa7de9f-f43f-4d38-8ad8-a3d5aa80fdd7,0.106,,,mean,observed_sample_statistic,standard_error,0.2,,,,,Both,10642.0,Population based,General population,,,Sierra Leone,"Kenema, Tonkolili, and Port Loko Districts",,,,,,IgG,,,,,,,
PMID_36758101,seroprevalence,False,03baec96-f5bb-4297-9efd-87888c7fbbe9,0.1414,,,mean,estimated_model_parameter,,,CI95%,1.07,1.09,,Both,10642.0,Population based,General population,,,Sierra Leone,"Kenema District, Tonkolili District, Port Loko District",,,,322.0,2278.0,IgG,,,,,,,
PMID_36758101,seroprevalence,False,012a4d08-b197-4cbf-abb0-d5fc284e3e47,0.141,,,median,observed_sample_statistic,,,IQR,4.7,35.2,,Both,10642.0,Population based,General population,,,Sierra Leone,"Kenema, Tonkolili, and Port Loko Districts",,,,,,IgG,,,,,,,
PMID_36758101,seroprevalence,False,8967a65b-c3d8-42a1-9d0f-e64491f8cf9a,0.098,,,mean,estimated_model_parameter,,,CI95%,1.07,1.09,,Both,10642.0,Population based,General population,,,Sierra Leone,"Kenema, Tonkolili, and Port Loko districts",,,,,,IgG,,,,,,,
PMID_36758101,seroprevalence,False,3552da13-86f0-489a-8b65-0905bda598a3,0.097,,,mean,estimated_model_parameter,,,CI95%,1.07,1.09,,Both,10642.0,Population based,General population,,,Sierra Leone,"Kenema, Tonkolili, and Port Loko Districts, Sierra Leone",,,,,,IgG,,,,,,,
PMID_34260615,human_delay,False,0257b1ec-4801-4711-ad94-268d64ad1aa2,24.0,hours,,central,estimated_model_parameter,,,CI95%,0.87,5.1,,Both,115.0,Hospital based,Persons with symptoms,,,Sierra Leone,"Kenema Government Hospital (KGH) Lassa Ward, Kenema District",symptom_onset__to__admission,,,,,,,,,,,,
PMID_34260615,severity,False,f10cb324-e4b2-4114-b054-5922b0a97dc3,0.433,,,mean,observed_sample_statistic,standard_deviation,156.99,,,,,Both,2096.0,Hospital based,Persons with symptoms,0.0,,Sierra Leone,"Kenema Government Hospital, Kenema District",,,,191.0,441.0,CFR,naive,,,,,,
PMID_34260615,severity,False,50010b4a-bac2-4d72-a23c-0cae064a4032,0.374,,,mean,observed_sample_statistic,standard_deviation,156.99,,,,,Both,556.0,Hospital based,Persons with symptoms,0.0,,Sierra Leone,"Kenema Government Hospital, Kenema District, Eastern Province",,,,43.0,115.0,CFR,naive,,,,,,
PMID_25531344,seroprevalence,False,0bec90dc-1d20-4191-9412-8f9d84afd6fd,0.22,,,mean,observed_sample_statistic,standard_deviation,6.0,,,,,Unspecified,242.0,Hospital based,Persons with symptoms,,,Sierra Leone,"Kenema Government Hospital, Kenema (Lassa Ward)",,,,53.0,242.0,Unspecified,,,,,,,
PMID_25531344,seroprevalence,False,7f6d4e7f-0159-4294-853a-5b7b14f1977d,0.39,,,mean,observed_sample_statistic,standard_deviation,6.0,,,,,Unspecified,242.0,Hospital based,Persons with symptoms,,,Sierra Leone,"Kenema Government Hospital (KGH), Kenema",,,,30.0,77.0,IgG,,,,,,,
PMID_25531344,seroprevalence,False,a1f1c0e4-9832-402c-85f5-57fd375c0eba,0.24,,,median,observed_sample_statistic,,,IQR,0.0,2007.24,,Unspecified,242.0,Hospital based,Persons with symptoms,,,Sierra Leone,"Kenema Government Hospital, Kenema, Sierra Leone",,,,7.0,29.0,IgG,,,,,,,
PMID_25531344,severity,True,6cea78e2-e173-4668-adbc-cf795b949937,,,,,,,,,,,,,,,,,,,,,,,,,,,,0.16666666666666666,0.69,['population_group'],"['c6d9a632-b59c-4599-bcbe-8346b66151c3', '35149681-20fd-492e-82c4-0dc15c8b8bab', '22eccccc-c400-4fb2-8d10-7a7b2e079a00', '6dcd31a3-14c8-4a0a-a530-97ba24dca24a']",
PMID_35705986,human_delay,False,7a9b8d51-5015-49a7-baee-b1784f34d11c,5.56,days,,mean,estimated_model_parameter,,,CI95%,0.05,0.08,,Both,,Hospital based,Healthcare workers,,,"Nigeria, Sierra Leone, Liberia",Hospitals in affected West African regions,incubation_period,,,,,,,,,,,,
PMID_35705986,human_delay,False,1e6d4ba3-7313-4210-99e8-f5f6e31e431e,9.87,days,,mean,estimated_model_parameter,,,CI95%,0.05,0.08,,Unspecified,,Unspecified,Unspecified,,,,,incubation_period,,,,,,,,,,,,
PMID_35705986,reproduction_number,False,274f16e3-8e8a-4a32-9faf-44c684be91af,0.33,,,mean,estimated_model_parameter,,,CI95%,0.05,0.08,,Unspecified,,Population based,Mixed groups,,,,"Second administrative level (adm2) catchment areas across West Africa (e.g., Sierra Leone, Liberia, Nigeria)",,,basic_R0,,,,branching_process,human,,,,,
PMID_30666924,human_delay,False,30de22ae-3a82-4c28-9e9a-9ecd928f51ac,7.0,days,,median,observed_sample_statistic,,,range,18.0,72.0,,Unspecified,33.0,Travel based,Other,18.0,72.0,Multiple countries,,other,median time from patients seeking medical care to patient isolation,,,,,,,,,,,
PMID_30666924,human_delay,False,21415bd1-1a77-4691-b917-6cebadce521a,1.0,days,,median,observed_sample_statistic,,,range,1.0,22.0,,Unspecified,33.0,Hospital based,Mixed groups,18.0,72.0,United States,,other,minimum time from patients seeking medical care to patient isolation,,,,,,,,,,,
PMID_30666924,human_delay,True,460c9a43-f543-476b-ba26-8f27ddfe7d64,,,,,,,,,,,,,,,,,,,,,,,,,,,,1.0,22.0,[],"['b8cfedd2-c5e2-4ad7-b231-195c8ada18fe', 'e68d3856-9b6d-4a6c-90df-26e81cdeffd2', 'ec354374-4975-480f-b93d-9dcedbc64c4c']",
PMID_30666924,severity,False,b58ec5f9-b740-4920-aa41-67eb6dbf5d4e,0.39,,,median,observed_sample_statistic,,,range,18.0,72.0,,Unspecified,33.0,Travel based,Mixed groups,18.0,72.0,,,,,,12.0,31.0,CFR,naive,,,,,,
PMID_36962343,severity,False,2c2e6e8e-676a-4707-a8e9-8873d0eed60a,0.57,,,mean,observed_sample_statistic,standard_deviation,14.6,,,,,Both,44.0,Mixed settings,Persons with symptoms,,,Nigeria,"Plateau State, Nigeria",,,,,,CFR,unknown,,,,,,
PMID_36962343,severity,False,b6e7cad5-7cde-4371-aa04-1138b29a37b8,0.8,,,mean,observed_sample_statistic,standard_deviation,14.6,,,,,Both,44.0,Population based,Persons with symptoms,,,Nigeria,Plateau State,,,,,,proportion_of_asymptomatic_cases,unknown,,,,,,
PMID_40509999,human_delay,False,55f60f7e-8679-411c-9e6c-6b28b688ac2c,58.8,other,,mean,observed_sample_statistic,,,CI95%,80.2,84.3,,Both,1306.0,Community based,General population,5.0,,Guinea,"Faranah prefecture, Upper Guinea, Guinea",other,average IgG antibody persistence (duration of seroreversion) in years,,,,,,,,,,,
PMID_40509999,human_delay,False,bde0f6f8-a0ab-46bc-9552-0c5678ff62e0,58.0,other,,mean,observed_sample_statistic,,,CI95%,80.2,84.3,,Both,1306.0,Household based,General population,5.0,,Guinea,"Faranah prefecture, Upper Guinea, Guinea",other,"average IgG antibody persistence (duration of seroreversion) in years, based on seroreversion rate ρ = 1/58",,,,,,,,,,,
PMID_40509999,seroprevalence,False,1704eed7-4a30-4238-b591-3484c90ec3af,0.823,,,mean,observed_sample_statistic,,,CI95%,80.2,84.3,,Both,1306.0,Household based,General population,5.0,,Guinea,"six villages (Brissa, Dalafilani, Damania, Sokourala, Sonkonia, Yarawalia) in Faranah prefecture, Upper Guinea",,,,,,IgG,,,,,,,
PMID_40509999,seroprevalence,False,0a4c1a54-ce83-464c-a473-7142a73de39c,0.018,,,mean,observed_sample_statistic,,,CI95%,80.2,84.3,,Both,1306.0,Community based,General population,5.0,,Guinea,"Faranah prefecture, Upper Guinea, Guinea",,,,,,IgM,,,,,,,
PMID_40509999,seroprevalence,True,c9432ce2-889b-4585-8881-21d27e61f28e,,,,,,,,,,,,,,,,,,,,,,,,,,,,0.557,0.733,['assay_type'],"['8a261d1e-1d87-4ee5-8064-98814936b5bb', '41270c12-223d-4814-9046-461ee082860a', '0efa8233-3339-4682-aabf-1f5b2a9ef459']",
PMID_28916737,reproduction_number,False,11096932-4b59-40d2-a98c-22cd2f90b459,6.72,,,mean,estimated_model_parameter,coefficient_of_variation,37.0,,,,,Unspecified,37.0,Other,Other,,,Germany,Hamburg,,,basic_R0,,,,compartmental_model,other,,,,,
DOI_207eed7c277d,attack_rate,False,5dc9ccd2-ca8d-4048-bcd2-642029d95d95,25.6,percentage,,unspecified,unspecified,,,,,,,Both,135.0,Mixed settings,Persons with symptoms,0.0,,Sierra Leone,"Kenema Government Hospital, Kenema District, Sierra Leone",,,,,,,,,,,,,
DOI_207eed7c277d,severity,False,defe57cf-d45e-468f-b023-dc62991609d3,0.7142857142857143,,,mean,observed_sample_statistic,,,,,,,Both,135.0,Mixed settings,Persons with symptoms,,,Sierra Leone,"Kenema Government Hospital, Kenema District, Sierra Leone",,,,25.0,35.0,CFR,naive,,,,,,
PMID_22615894,attack_rate,False,ee2bdc52-780d-4e4f-8f5b-3590e6928f04,100.0,percentage,,mean,estimated_model_parameter,,,CI95%,0.00036,0.00068,,Unspecified,1228.0,Other,Other,,,Côte d'Ivoire,"9 villages (Ahouakro, Bakro, Blodi, Gbagroube, Kotokossou, Lamto, Menekre, Sanguiebo, Touzoukro)",,,,,,,,,,,,,
PMID_22615894,attack_rate,False,b564f344-0a96-46d9-b0d5-4b76dd699dcf,12.0,percentage,,mean,estimated_model_parameter,,,CI95%,0.00036,0.00068,,Unspecified,1228.0,Other,Other,,,Côte d'Ivoire,"9 villages (Ahouakro, Bakro, Blodi, Gbagroube, Kotokossou, Lamto, Menekre, Sanguiebo, Touzoukro) in south, east, and middle west Côte d'Ivoire",,,,,,,,,,,,,
PMID_22615894,attack_rate,False,59be16ed-22b3-4ec6-b392-5883328f4446,28.0,percentage,,mean,estimated_model_parameter,,,CRI95%,0.00036,0.00068,,Unspecified,1228.0,Population based,Other,,,Côte d'Ivoire,"9 villages in south, east and middle west of Côte d'Ivoire (Ahouakro, Bakro, Blodi, Gbagroube, Kotokossou, Lamto, Menekre, Sanguiebo, Touzoukro)",,,,,,,,,,,,,
PMID_22615894,attack_rate,False,0025c422-78e4-4a5a-913e-c2f792b38561,0.7,percentage,,mean,estimated_model_parameter,,,CRI95%,0.00036,0.00068,,Unspecified,1228.0,Other,Other,,,Côte d'Ivoire,"9 villages (Ahouakro, Bakro, Blodi, Gbagroube, Kotokossou, Lamto, Menekre, Sanguiebo, Touzoukro)",,,,,,,,,,,,,
PMID_22615894,mutation_rate,False,f790fe23-f84e-42dc-aba7-38d681fc1e54,0.00051,substitutions_per_site_per_year,,mean,estimated_model_parameter,,,CRI95%,0.00036,0.00068,,Unspecified,1228.0,Other,Other,,,Côte d'Ivoire,"Nine villages: Ahouakro (Ah), Bakro (Ba), Blodi (Bl), Gbagroube (Gb), Kotokossou (Ko), Lamto (La), Menekre (Me), Sanguiebo (Sa), Touzoukro (To)",,,,,,substitution_rate,,,,,,,partial NP gene
PMID_22615894,seroprevalence,True,cd8700ed-6b9b-4c06-967c-d07a9cc4c2b7,,,,,,,,,,,,,,,,,,,,,,,,,,,,0.00686,0.14,['species'],"['bdd9844e-a649-4f41-83a4-95b31d257feb', '93734d51-8c7b-4abc-b4a2-9ed9d3413422', '130d5641-2e34-45c5-8ca9-5b81e5a051d7', '3881e93e-9aeb-4b4a-b264-446d45140c98', '1424ca4f-f4c4-4cf5-a88a-4e65b8a93415']",
PMID_39198710,attack_rate,False,8ed72f6b-c265-4e97-acb5-0e9e92416341,1032.0,rate,100000.0,mean,estimated_model_parameter,,,CI95%,2100000.0,3400000.0,,Unspecified,,Hospital based,Persons with symptoms,,,Sierra Leone,Kenema Government Hospital,,,,,,,,,,,,,
PMID_33411731,human_delay,False,0e42ebe2-8d78-4840-acfc-d8f29a067351,20.5,days,,median,estimated_model_parameter,,,CI95%,1.44,4.55,,Female,24.0,Other,Other,,,United States,"Rocky Mountain Laboratories, Hamilton, Montana",other,time to death (ribavirin treatment group),,,,,,,,,,,
PMID_33411731,human_delay,False,abfb2bf3-d840-42c1-af9a-3a202c4d5374,10.0,days,,median,estimated_model_parameter,,,CI95%,37.9,39.3,,Female,24.0,Other,Other,,,United States,"Rocky Mountain Laboratories, Hamilton, Montana, USA",other,time to death (favipiravir 150 mg/kg/day group),,,,,,,,,,,
PMID_33411731,human_delay,True,44153453-500e-499d-b500-fd992f3bf40e,,,,,,,,,,,,,,,,,,,,,,,,,,,,7.5,15.0,['treatment_group'],"['fb1e6c50-1c49-4eb4-993e-31bc2915dcdb', '79a61019-4168-4789-a818-5fba77c0a662', 'a13d7172-a38e-422c-a34a-5712124f3f66']",
PMID_33411731,reproduction_number,False,9db31be4-d359-453e-ac8c-2083675f719a,38.6,,,mean,estimated_model_parameter,,,CI95%,1.44,4.55,,Female,24.0,Other,Other,,,United States,"Rocky Mountain Laboratories, Hamilton, Montana",,,basic_R0,,,,compartmental_model,other,,,,,
PMID_33411731,severity,False,f9290c1c-1909-4b26-b530-b1f5345189e0,1.0,,,mean,estimated_model_parameter,,,CI95%,1.44,4.55,,Female,24.0,Other,Other,,,United States,"Rocky Mountain Laboratories, Hamilton, Montana, USA",,,,8.0,8.0,CFR,naive,,,,,,
PMID_33411731,severity,False,52aabca9-70c8-4104-a49f-1145177a6240,0.0,,,mean,estimated_model_parameter,,,CI95%,1.44,4.55,,Female,24.0,Other,Unspecified,,,United States,"Rocky Mountain Laboratories, Hamilton, Montana",,,,0.0,4.0,CFR,naive,,,,,,
PMID_40356840,human_delay,False,d822fea5-5c6c-45b0-b169-cb90acdf46fb,1.0,days,,mean,observed_sample_statistic,standard_deviation,13.18,,,,,Both,539.0,Hospital based,Persons under investigation,0.0,,Ghana,Various health facilities across Ghana,incubation_period,,,,,,,,,,,,
PMID_40356840,human_delay,False,08e1743e-9f06-4e9c-a6a0-dcf9b7a8ab79,13.0,days,,mean,observed_sample_statistic,standard_deviation,13.18,,,,,Both,539.0,Hospital based,Mixed groups,0.0,64.0,Ghana,"Noguchi Memorial Institute for Medical Research, Accra, Ghana",incubation_period,,,,,,,,,,,,
DOI_be06c9c54d87,human_delay,False,f263afd3-dd58-4472-aaa5-14dffaa49ea8,4.0,days,,median,observed_sample_statistic,,,IQR,10.0,33.0,,Both,138.0,Hospital based,Persons with symptoms,,,Liberia,"Nationwide (Bong, Grand Bassa, Nimba, Montserrado, others)",symptom_onset__to__admission,,,,,,,,,,,,
DOI_be06c9c54d87,human_delay,False,f237a95a-7c01-4cf1-96af-52628bf48423,4.5,days,,median,observed_sample_statistic,,,IQR,10.0,33.0,,Both,138.0,Hospital based,Persons with symptoms,,,Liberia,"Multiple counties (Bong, Grand Bassa, Nimba, Montserrado, Others) in Liberia",symptom_onset__to__admission,,,,,,,,,,,,
DOI_be06c9c54d87,relative_contribution,False,2d3d06d7-2a8a-49aa-9f4d-f5c646dc7826,0.68,,,mean,estimated_model_parameter,,,CI95%,1.16,3.136,,Both,138.0,Hospital based,Persons with symptoms,,,Liberia,"Various counties (Bong, Grand Bassa, Nimba, Montserrado, etc.) in Liberia",,,zoonotic_to_human,,,,,,,,,,
DOI_be06c9c54d87,relative_contribution,False,fb618cd4-4e86-4f34-841a-31521ae91183,0.08,,,median,observed_sample_statistic,,,IQR,10.0,33.0,,Both,138.0,Hospital based,Persons with symptoms,,,Liberia,"Bong County, Grand Bassa County, Nimba County, Montserrado County, and other counties in Liberia",,,human_to_human,,,,,,,,,,
DOI_be06c9c54d87,relative_contribution,False,2ae93823-0bb5-42b0-a7b1-712bfd821b8b,0.69,,,median,observed_sample_statistic,,,IQR,10.0,33.0,,Both,138.0,Hospital based,Persons with symptoms,,,Liberia,,,,zoonotic_to_human,,,,,,,,,,
PMID_40729359,attack_rate,False,292b89ba-2208-408b-b4b7-b4eed7c1fca9,9.6,rate,1000.0,mean,estimated_model_parameter,,,CRI95%,0.027,0.047,,Unspecified,,Community based,General population,,,"Sierra Leone, Nigeria, Mali, Guinea, Ghana, Liberia, Côte d'Ivoire, Benin, Togo, Niger, Burkina Faso, Senegal, Gambia, Guinea-Bissau, Cameroon (bordering Nigeria)",24 first-level administrative units and 53 second-level administrative units across West Africa,,,,,,,,,,,,,
PMID_40729359,attack_rate,False,2a1e013d-0d82-4ff7-b248-c628b7701135,13.0,rate,1000.0,mean,estimated_model_parameter,,,CI95%,0.071,0.133,,Unspecified,,Population based,General population,,,,"Various 1st- and 2nd-level administrative units across 14 West African countries (e.g., Nigeria, Sierra Leone, Guinea, Mali, etc.)",,,,,,,,,,,,,
PMID_40729359,attack_rate,False,7533ca76-a0a9-4e3e-9977-c789be883ecf,7.8,rate,1000.0,mean,estimated_model_parameter,,,CRI95%,0.027,0.047,,Unspecified,,Community based,General population,,,,Various administrative units (admin1 and admin2) across 14 West African countries,,,,,,,,,,,,,
PMID_40729359,attack_rate,False,022e4379-44a3-4e47-bae6-3f6414ba2b9c,11.2,rate,1000.0,mean,estimated_model_parameter,,,CI95%,0.027,0.047,,Both,,Community based,General population,,,"Multiple (14 West African countries: Nigeria, Sierra Leone, Guinea, Mali, etc.)",Various admin1 and admin2 administrative units across West Africa,,,,,,,,,,,,,
PMID_40729359,seroprevalence,False,8e8cf285-a798-46f3-a6ba-1c475a67c7e7,0.04,,,mean,estimated_model_parameter,,,CRI95%,0.027,0.047,,Both,,Community based,General population,,,West Africa,Various 1st- and 2nd-level administrative units across 14 West African countries,,,,,,IgG,,,,,,,
PMID_40729359,seroprevalence,False,69d4c0f2-c4b5-4b0a-84d4-09b4071461f7,0.06,,,mean,estimated_model_parameter,,,CRI95%,0.027,0.047,,Both,,Community based,General population,,,West Africa (multiple countries),Various 1st- and 2nd-level administrative units across 14 West African countries,,,,,,IgG,,,,,,,
PMID_40729359,seroprevalence,False,485d6a26-584d-40a4-a29c-0cec1a6402c8,0.52,,,mean,estimated_model_parameter,,,CRI95%,0.027,0.047,,Both,,Community based,General population,,,,,,,,,,IgG,,,,,,,
PMID_40729359,seroprevalence,False,67b4ccd9-9709-4369-82c0-4ea276e4ba83,0.028,,,mean,estimated_model_parameter,,,CRI95%,0.027,0.047,,Both,20000.0,Community based,General population,,,West Africa (multiple countries),Five West African countries (specific locations not detailed),,,,,,Unspecified,,,,,,,
PMID_30250364,severity,False,69681fd1-24c8-4364-b36a-4aec483491e5,0.5,,,mean,observed_sample_statistic,standard_deviation,10.9,,,,,Both,130.0,Community based,General population,,,Nigeria,"Ibadan, Oyo State",,,,1.0,2.0,CFR,naive,,,,,,
PMID_31104602,severity,False,3c60c2a9-97a0-41ab-b5c2-aeab1ac175dd,0.01,,,mean,observed_sample_statistic,,,CI95%,,,,Unspecified,,Population based,General population,,,Nigeria and Sierra Leone,Nationwide,,,,,,CFR,naive,,,,,,
PMID_31104602,severity,False,635796d5-79e3-4afb-98d1-9c8fdc637912,0.15,,,mean,estimated_model_parameter,,,CI95%,,,,Unspecified,,Population based,General population,,,Nigeria; Sierra Leone,,,,,,,CFR,naive,,,,,,
PMID_31104602,severity,False,12c19af6-0c43-4011-b257-94cf00e81b12,0.8,,,mean,estimated_model_parameter,,,CI95%,,,,Unspecified,,Population based,Persons with symptoms,,,Nigeria,Nigeria (national level),,,,,,proportion_of_asymptomatic_cases,unknown,,,,,,
PMID_32933606,attack_rate,False,06993078-25de-43a3-a7ee-07baea9678a5,0.0,percentage,,mean,observed_sample_statistic,,,,,,,Both,42.0,Hospital based,Healthcare workers,22.0,70.0,United States,"Serious Communicable Diseases Unit, Emory University Hospital, Atlanta, Georgia",,,,,,,,,,,,,
PMID_32933606,seroprevalence,False,920a6bc9-6622-4ddf-94e5-9d93b7852d22,0.043,,,mean,observed_sample_statistic,,,range,22.0,70.0,,Both,42.0,Hospital based,Healthcare workers,22.0,70.0,United States,"Serious Communicable Diseases Unit, Emory University Hospital, Atlanta, Georgia",,,,6.0,42.0,IgG,,,,,,,
PMID_32933606,seroprevalence,False,2f3bec73-6ada-42df-aaf6-096b3d1e7973,0.0,,,mean,observed_sample_statistic,,,range,22.0,70.0,,Both,42.0,Hospital based,Healthcare workers,22.0,70.0,United States,"Serious Communicable Diseases Unit, Emory University Hospital, Atlanta, Georgia",,,,0.0,42.0,IgG,,,,,,,
PMID_32933606,seroprevalence,False,c00fb636-0b6d-4ee5-b526-d55d503da131,0.0,,,mean,observed_sample_statistic,,,range,22.0,70.0,,Both,42.0,Hospital based,Healthcare workers,22.0,70.0,United States,"Emory University Hospital, Serious Communicable Diseases Unit, Atlanta, Georgia",,,,0.0,42.0,IgG,,,,,,,
PMID_40496906,human_delay,False,be636331-c3cb-48d6-b67c-27cf47dc4d94,4.0,days,,median,observed_sample_statistic,,,IQR,10.0,33.0,,Both,138.0,Hospital based,Persons with symptoms,,,Liberia,"County hospitals across Liberia (Bong, Grand Bassa, Nimba, Montserrado)",symptom_onset__to__admission,,,,,,,,,,,,
PMID_40496906,relative_contribution,False,d0b8eca6-1acd-4783-a931-848167e8f1c0,0.68,,,median,observed_sample_statistic,,,IQR,10.0,33.0,,Both,138.0,Hospital based,Persons with symptoms,,,Liberia,"Multiple counties (Bong, Grand Bassa, Nimba, Montserrado, others)",,,zoonotic_to_human,,,,,,,,,,
PMID_40496906,relative_contribution,False,701200b8-9db9-4035-a450-cd9639a736d4,0.08,,,median,observed_sample_statistic,,,IQR,10.0,33.0,,Both,138.0,Hospital based,Persons with symptoms,,,Liberia,"Hospital treatment centres across Bong, Grand Bassa, Nimba, Montserrado counties, Liberia",,,human_to_human,,,,,,,,,,
PMID_31017931,attack_rate,False,da3ca8bc-6b93-455a-a994-c4643a915133,5.0,percentage,,mean,observed_sample_statistic,,,CI95%,3.6,7.2,,Both,657.0,Community based,General population,18.0,98.0,Ghana,"Ten rural villages (Ankaakur, Ehiawenwu, Amomaso, Menkwo, Mangoase, Jirandogo, Bowena, Natorduori, Teanoba, Doniga Naveransa) in Ghana",,,,,,,,,,,,,
PMID_31017931,attack_rate,False,7049106b-d363-4b14-88c8-6f1bfc3c441a,5.2,percentage,,mean,observed_sample_statistic,,,CI95%,3.6,7.2,,Both,657.0,Community based,General population,18.0,98.0,Ghana,Ten rural villages across northern and central Ghana,,,,,,,,,,,,,
PMID_31017931,attack_rate,False,c6ebfc33-0c7e-4fde-9ee3-4a1caac82bed,11.0,percentage,,mean,observed_sample_statistic,standard_deviation,18.3,,,,,Both,657.0,Community based,General population,18.0,98.0,Ghana,"Ten rural villages in Ghana (Ankaakur, Ehiawenwu, Amomaso, Menkwo, Mangoase, Jirandogo, Bowena, Natorduori, Teanoba, Doniga Naveransa)",,,,,,,,,,,,,
PMID_31017931,attack_rate,False,28109522-794b-43fc-90c0-2b9c23bc49ab,11.3,percentage,,mean,observed_sample_statistic,,,CI95%,3.6,7.2,,Both,657.0,Community based,General population,18.0,98.0,Ghana,"Ten rural villages in Ghana (Ankaakur, Ehiawenwu, Amomaso, Menkwo, Mangoase, Jirandogo, Bowena, Natorduori, Teanoba, Doniga Naveransa)",,,,,,,,,,,,,
PMID_31017931,attack_rate,False,f366bc1b-e54e-4a12-a596-7cbb2f0e6420,40.0,percentage,,mean,observed_sample_statistic,,,CI95%,3.6,7.2,,Both,657.0,Community based,General population,18.0,98.0,Ghana,"Ten rural villages (Ankaakur, Ehiawenwu, Amomaso, Menkwo, Mangoase, Jirandogo, Bowena, Natorduori, Teanoba, Doniga Naveransa) in Ghana",,,,,,,,,,,,,
PMID_31017931,seroprevalence,False,c579c20e-c892-4dd3-bb0b-ea66241da6b3,0.052,,,mean,observed_sample_statistic,,,CI95%,3.6,7.2,,Both,657.0,Community based,General population,18.0,98.0,Ghana,"Ten rural villages in Ghana (e.g., Ankaakur, Ehiawenwu, Amomaso, Menkwo, Mangoase, Jirandogo, Bowena, Natorduori, Teanoba, Doniga Naveransa)",,,,34.0,657.0,IgG,,,,,,,
PMID_31017931,seroprevalence,False,712fa5d3-e278-473b-9174-e338638ae6dc,0.113,,,mean,observed_sample_statistic,,,CI95%,3.6,7.2,,Both,657.0,Community based,General population,18.0,98.0,Ghana,"Ten rural villages (Ankaakur, Ehiawenwu, Amomaso, Menkwo, Mangoase, Jirandogo, Bowena, Natorduori, Teanoba, Doniga Naveransa)",,,,,,IgG,,,,,,,
PMID_31017931,seroprevalence,False,09820418-0f09-458a-b4e9-249dbdf11939,0.21,,,mean,observed_sample_statistic,,,CI95%,3.6,7.2,,Both,657.0,Community based,General population,18.0,98.0,Ghana,"Ten rural villages in Ghana (Ankaakur, Ehiawenwu, Amomaso, Menkwo, Mangoase, Jirandogo, Bowena, Natorduori, Teanoba, Doniga Naveransa)",,,,140.0,657.0,IgG,,,,,,,
PMID_31017931,seroprevalence,False,b1818cb7-85ee-42ee-b0b3-568a54b703d1,0.4,,,mean,observed_sample_statistic,,,CI95%,3.6,7.2,,Both,657.0,Community based,General population,18.0,98.0,Ghana,"Ten rural villages (e.g., Ankaakur, Ehiawenwu, Amomaso, Menkwo, Mangoase, Jirandogo, Bowena, Natorduori, Teanoba, Doniga Naveransa)",,,,264.0,657.0,Unspecified,,,,,,,
PMID_31017931,seroprevalence,False,4d0cc9dd-10fe-48a9-ba91-6a26a0b230bc,0.0,,,mean,observed_sample_statistic,,,CI95%,3.6,7.2,,Both,657.0,Community based,General population,18.0,98.0,Ghana,"Ten rural villages in Ghana (Ankaakur, Ehiawenwu, Amomaso, Menkwo, Mangoase, Jirandogo, Bowena, Natorduori, Teanoba, Doniga Naveransa)",,,,0.0,15.0,PRNT,,,,,,,
PMID_31017931,seroprevalence,False,40db9b2f-e02e-4737-b5f2-02a75f8593eb,0.091,,,mean,observed_sample_statistic,,,CI95%,3.6,7.2,,Both,657.0,Community based,General population,18.0,98.0,Ghana,"Ten rural villages in Ghana (e.g., Ankaakur, Ehiawenwu, Amomaso, Menkwo, Mangoase, Jirandogo, Bowena, Natorduori, Teanoba, Doniga Naveransa)",,,,,,IgG,,,,,,,
PMID_32458974,mutation_rate,False,4f7257fa-a2b5-44e6-8cbb-b06b56ecd153,0.000567,substitutions_per_site_per_year,,mean,estimated_model_parameter,,,CRI95%,0.00097,0.0011,,Unspecified,211.0,Mixed settings,Other,,,,,,,,,,substitution_rate,,,,,,,whole genome
PMID_32458974,mutation_rate,False,c29cdb2a-eac6-4bc8-abe8-74f4c7ff3e47,0.001,substitutions_per_site_per_year,,mean,estimated_model_parameter,,,CRI95%,0.00097,0.0011,,Unspecified,211.0,Mixed settings,Mixed groups,,,"Nigeria, Sierra Leone",,,,,,,substitution_rate,,,,,,,S segment
PMID_32458974,mutation_rate,False,13571d2c-1a39-4a11-9733-882862cfa946,0.000475,substitutions_per_site_per_year,,mean,estimated_model_parameter,,,CRI95%,0.97,1.1,,Unspecified,211.0,Mixed settings,Mixed groups,,,"Sierra Leone, Nigeria",Clinics in Sierra Leone and Nigeria; rodents collected in the field; laboratory isolates,,,,,,substitution_rate,,,,,,,whole genome
DOI_01f8c71fa2d8,attack_rate,False,3a89d836-a74c-4057-83a7-bd3412645b99,1.1,percentage,,mean,observed_sample_statistic,standard_deviation,20.0,,,,,Both,118.0,Mixed settings,Persons with symptoms,0.0,,Nigeria,Ondo State,,,,,,,,,,,,,
DOI_01f8c71fa2d8,human_delay,False,518867af-2d07-40f0-8a57-9a52f226957d,5.0,days,,mean,observed_sample_statistic,standard_deviation,20.0,,,,,Both,118.0,Mixed settings,General population,0.0,,Nigeria,Ondo State,symptom_onset__to__admission,,,,,,,,,,,,
DOI_01f8c71fa2d8,human_delay,False,1b6015ca-fa02-4101-8c7a-95a20d000984,7.0,days,,mean,observed_sample_statistic,standard_deviation,20.0,,,,,Both,118.0,Mixed settings,Persons with symptoms,,,Nigeria,Ondo State,other,symptom onset to suspicion of Lassa fever,,,,,,,,,,,
DOI_01f8c71fa2d8,relative_contribution,False,5a17bc4b-a312-4d80-93b4-3ff5b3b6cfb0,1.1,,,mean,observed_sample_statistic,standard_deviation,20.0,,,,,Both,118.0,Mixed settings,Persons with symptoms,0.0,,Nigeria,Ondo State,,,human_to_human,,,,,,,,,,
DOI_01f8c71fa2d8,severity,False,cdb4a75b-311d-4303-a4b0-fc09742b2069,0.5,,,mean,observed_sample_statistic,standard_deviation,20.0,,,,,Both,118.0,Mixed settings,Persons with symptoms,0.0,,Nigeria,Ondo State,,,,1.0,2.0,CFR,naive,,,,,,
DOI_01f8c71fa2d8,severity,False,e644a839-e4bb-4ab4-811b-cea20304fcfa,0.17796610169491525,,,mean,observed_sample_statistic,standard_deviation,20.0,,,,,Both,118.0,Mixed settings,Persons with symptoms,,,Nigeria,Ondo State,,,,21.0,118.0,CFR,naive,,,,,,
DOI_01f8c71fa2d8,severity,False,92b9bd14-b67f-42f8-b5f7-c7107e2db84e,1.0,,,mean,observed_sample_statistic,standard_deviation,20.0,,,,,Both,118.0,Mixed settings,Persons with symptoms,0.0,,Nigeria,"Ondo State, Nigeria",,,,1.0,1.0,CFR,naive,,,,,,
PMID_31534915,severity,False,fce9103b-9a21-4fc5-95f7-7bcd393726bd,0.5,,,mean,observed_sample_statistic,,,range,5.0,21.0,,Unspecified,70.0,Hospital based,Persons with symptoms,,,Benin Republic,"Various outbreak communes (Tanguiéta, Cobly, Tchaourou, Djougou)",,,,,,CFR,naive,,,,,,
DOI_fc15fa930fef,attack_rate,True,e0c2ace1-f19b-4177-b637-16c1397fee42,,,,,,,,,,,,,,,,,,,,,,,,,,,,27.6,91.2,['survey round'],"['46bcf54e-8d43-4429-a406-7b6c6589612a', '3c39c5f3-f39e-4976-8667-38a204a1914a', '20a316a6-9115-4274-acf6-cfe19eef3fff', 'eec09692-8ec7-42da-b882-686c2303cd0e', 'f14899db-2fab-46e6-9366-18ff0d9ce335']",
DOI_fc15fa930fef,seroprevalence,False,c1cc0e52-5a88-4344-a56f-1a7b0c4c070b,0.29,,,median,observed_sample_statistic,,,IQR,28.0,50.0,,Both,630.0,Community based,General population,18.0,,Nigeria,Abuja Municipal Area Council and Ikorodu (Lagos State),,,,51.0,176.0,IgG,,,,,,,
DOI_fc15fa930fef,seroprevalence,True,3da4fb76-624e-4670-9acd-a110289ef16f,,,,,,,,,,,,,,,,,,,,,,,,,,,,0.276,0.912,['survey_round'],"['059f8c40-1a06-440b-ba4c-eca0bf6d3ded', 'acd231fa-2d91-4571-a988-71ac070a90c9', '72e77c41-f7c0-41ca-b5fd-addc77261f65']",
DOI_e12642bc8f9a,seroprevalence,False,117fea07-7e98-407f-b02c-f64b7b1276bc,0.115,,,mean,observed_sample_statistic,,,CI95%,0.095,0.135,,Both,977.0,Population based,General population,2.0,99.0,Guinea,"Gueckedou, Lola, Yomou prefectures (forest region)",,,,112.0,977.0,IgG,,,,,,,
PMID_30515301,severity,False,8168f661-5507-4abc-a094-f0d86a470cbe,0.1,,,mean,observed_sample_statistic,standard_deviation,1.7,,,,,Both,10.0,Hospital based,Children,12.0,17.0,Nigeria,"Jos University Teaching Hospital, Jos, Plateau State",,,,1.0,10.0,CFR,naive,,,,,,
PMID_39562292,human_delay,False,9eebd9a8-e484-4ae3-acec-eea7e74ef31a,11.6,days,,maximum_likelihood,estimated_model_parameter,,,CI95%,2.8,42.4,,Both,177.0,Community based,Mixed groups,,,Sierra Leone,Kenema District,time_in_care,,,,,,,,,,,,
PMID_39562292,human_delay,False,266ac133-aff7-4dfd-b3c5-a251bc711725,12.0,days,,mean,estimated_model_parameter,,,CI95%,2.8,42.4,,Both,177.0,Community based,Mixed groups,,,Sierra Leone,Kenema District,time_in_care,,,,,,,,,,,,
PMID_39562292,severity,False,7a0b37b0-8153-48ab-b618-75025edee319,0.6216216216216216,,,central,estimated_model_parameter,,,CI95%,2.8,42.4,,Both,37.0,Hospital based,Persons with symptoms,,,Sierra Leone,Kenema District,,,,23.0,37.0,CFR,naive,,,,,,
PMID_41028761,reproduction_number,False,a4ee100c-d8b9-4abe-837c-a213ccffdbf3,0.5,,,mean,estimated_model_parameter,,,CI95%,1.4e-05,3.95e-05,,Unspecified,,Hospital based,Persons with symptoms,,,Nigeria,"Nationwide, Nigeria",,,basic_R0,,,,next_generation_matrix,human,,,,,
PMID_41028761,reproduction_number,False,9b3ebb24-5359-4fc0-810b-3260edcb4755,6.0,,,mean,estimated_model_parameter,,,CI95%,1.4e-05,3.95e-05,,Unspecified,,Population based,General population,,,Nigeria,,,,basic_R0,,,,next_generation_matrix,unspecified,,,,,
PMID_39375602,seroprevalence,False,7e18a40f-989f-432b-b1f1-0daa6a649eb1,0.27,,,mean,estimated_model_parameter,,,CI95%,1.33,2.24,,Both,628.0,Community based,General population,18.0,,Nigeria,"Abuja Municipal Area Council (AMAC), Abuja, and Ikorodu Local Government Area (LGA), Lagos, Nigeria",,,,171.0,628.0,Unspecified,,,,,,,
PMID_39375602,seroprevalence,False,846554a9-09fc-45eb-9bb1-c4986d44c0eb,0.33,,,mean,estimated_model_parameter,,,CI95%,1.33,2.24,,Both,628.0,Community based,General population,18.0,,Nigeria,"Abuja Municipal Area Council (AMAC), Abuja and Ikorodu LGA, Lagos, Nigeria",,,,126.0,376.0,Unspecified,,,,,,,
PMID_38558556,severity,False,0474108d-0b6f-4f6d-86ff-8938fc57e872,0.4479166666666667,,,central,estimated_model_parameter,,,CI95%,1.08,4.11,,Both,192.0,Population based,Persons with symptoms,0.0,,Liberia,Liberia (nationwide),,,,86.0,192.0,CFR,naive,,,,,,
PMID_38558556,severity,False,925033ff-019a-4e69-9943-17d5a01b5aff,0.7777777777777778,,,central,estimated_model_parameter,,,CI95%,1.08,4.11,,Both,192.0,Mixed settings,Persons under investigation,0.0,,Liberia,Nationwide across all counties,,,,7.0,9.0,CFR,naive,,,,,,
PMID_38558556,severity,False,adf262e3-6fe2-42d4-86db-0a536471aaca,0.6666666666666666,,,mean,estimated_model_parameter,,,CI95%,1.08,4.11,,Both,192.0,Mixed settings,Persons with symptoms,0.0,,Liberia,Various counties across Liberia,,,,6.0,9.0,CFR,naive,,,,,,
PMID_38558556,severity,False,5822583e-0a22-49ee-b135-7603bed99e72,0.5538461538461539,,,mean,estimated_model_parameter,,,CI95%,1.08,4.11,,Both,192.0,Hospital based,Persons with symptoms,0.0,,Liberia,"National Public Health Institute of Liberia, Liberia",,,,36.0,65.0,CFR,naive,,,,,,
PMID_38558556,severity,False,3157ef3d-b4f2-4abf-aa9f-40b927313779,0.22950819672131148,,,median,observed_sample_statistic,,,IQR,12.0,34.0,,Both,192.0,Mixed settings,Persons under investigation,0.0,,Liberia,,,,,14.0,61.0,CFR,naive,,,,,,
PMID_38558556,severity,True,3233b5be-45c8-4d18-a7b3-d92982811948,,,,,,,,,,,,,,,,,,,,,,,,,,,,0.358974358974359,0.7142857142857143,['age'],"['f39a6587-db60-4a2b-8b7b-ebd21cec1436', 'a64dca1e-5ba2-404c-873b-9aaa129c65fe', 'a0fa9ffe-4c72-4af2-96e5-424a55e58769', '3d65aebe-1f88-46b5-959c-992931025202']",
PMID_29596412,seroprevalence,False,99a7cc63-fae7-43a8-a17f-0e8e8b579aed,0.208,,,mean,observed_sample_statistic,,,CI95%,25.0,37.0,,Unspecified,270.0,Hospital based,Persons with symptoms,,,Nigeria,"Irrua Specialist Teaching Hospital, Edo State",,,,,,IgG,,,,,,,
PMID_29596412,seroprevalence,False,dc939d38-73f1-4d9a-9143-a02c67f2897c,0.208,,,mean,observed_sample_statistic,,,CI95%,25.0,37.0,,Unspecified,270.0,Hospital based,Persons with symptoms,,,Nigeria,"Irrua Specialist Teaching Hospital, Edo State",,,,,,IgG,,,,,,,
PMID_29596412,seroprevalence,False,b974b374-c790-499e-bcd2-058802420a29,0.05,,,mean,observed_sample_statistic,,,CI95%,25.0,37.0,,Unspecified,270.0,Hospital based,Persons with symptoms,,,Nigeria,"Irrua Specialist Teaching Hospital, Edo State",,,,,,IgM,,,,,,,
PMID_29596412,seroprevalence,False,46f303a0-0d50-4a0b-9166-7b6824447e8e,0.05,,,mean,observed_sample_statistic,,,CI95%,25.0,37.0,,Unspecified,270.0,Hospital based,Persons with symptoms,,,Nigeria,"Irrua Specialist Teaching Hospital, Edo State",,,,,,IgM,,,,,,,
PMID_29596412,seroprevalence,False,e1b59f73-46d9-46ed-b4d8-77eec99deaa6,0.0,,,mean,observed_sample_statistic,,,CI95%,25.0,37.0,,Unspecified,880.0,Hospital based,Persons with symptoms,,,"Nigeria, Ghana, Germany","Irrua Specialist Teaching Hospital, Edo State, Nigeria",,,,,,IgG,,,,,,,
PMID_29596412,seroprevalence,False,fb0b05f5-6d1d-4382-95ce-16a331cc707d,0.07,,,mean,observed_sample_statistic,,,CI95%,25.0,37.0,,Unspecified,270.0,Hospital based,Persons with symptoms,,,Nigeria,"Irrua Specialist Teaching Hospital, Edo State",,,,,,IgM,,,,,,,
PMID_29596412,seroprevalence,False,7375bbeb-dd31-412e-9e6e-54407a00631c,0.0,,,mean,observed_sample_statistic,,,CI95%,25.0,37.0,,Unspecified,270.0,Hospital based,Persons with symptoms,,,Nigeria,"Irrua Specialist Teaching Hospital, Edo State",,,,,,IgG,,,,,,,
PMID_29596412,seroprevalence,False,f8bdc205-5f55-4a2d-8d5d-8734084566eb,0.0,,,mean,observed_sample_statistic,,,CI95%,25.0,37.0,,Unspecified,270.0,Hospital based,Persons with symptoms,,,Nigeria,"Irrua Specialist Teaching Hospital, Irrua, Edo State",,,,,,IgG,,,,,,,
PMID_29596412,seroprevalence,False,d1625e3f-2285-4bfd-8a78-8ac0476ef6dc,0.0,,,mean,observed_sample_statistic,,,CI95%,25.6,37.0,,Unspecified,270.0,Hospital based,Persons with symptoms,,,Nigeria,"Irrua Specialist Teaching Hospital, Edo State",,,,,,IgM,,,,,,,
DOI_850b2c1460a1,severity,True,a90e0488-3f55-443f-9a0c-c979f21f0416,,,,,,,,,,,,,,,,,,,,,,,,,,,,0.18181818181818182,1.0,"['case classification (confirmed, suspected, probable)']","['c6b70967-5d58-410c-99bf-02f5dfb7b711', 'c73ac5bd-e5b3-4862-84ad-d58ab384312e', '72a8bb4c-7fd3-401a-bcf5-eb224943e3f8']",
PMID_40561161,attack_rate,False,1fd30510-f50b-4db1-8377-ed56acdbbff9,24.5,percentage,,central,estimated_model_parameter,,,CI95%,1.67,3.62,,Both,1115.0,Hospital based,Persons with symptoms,0.0,,Nigeria,"Ondo State, Nigeria",,,,,,,,,,,,,
PMID_40561161,attack_rate,True,ad9abd64-fad8-4727-ae3d-a93473fa61da,,,,,,,,,,,,,,,,,,,,,,,,,,,,25.1,27.2,['year'],"['a111c380-43ba-46af-953a-721d502a16c0', '852be3f8-021b-40d7-ab51-7a80729ec998', 'cadfb5d8-bcd9-4e80-acbe-5b5dff70326f', 'e7e6192b-299c-4a2d-9e6a-cdfe98c73496']",
PMID_40561161,human_delay,False,1e808e72-789a-444a-960e-e241d842357e,17.0,days,,mean,estimated_model_parameter,,,CI95%,1.67,3.62,,Both,4551.0,Hospital based,Persons with symptoms,0.0,,Nigeria,"Ondo State, Nigeria",admission__to__death,,,,,,,,,,,,
PMID_40561161,human_delay,False,6d54417c-b4e1-4728-8efc-de64b04c669d,5.0,days,,mean,estimated_model_parameter,,,CI95%,1.67,3.62,,Both,1115.0,Hospital based,Persons with symptoms,0.0,,Nigeria,Ondo State,time_in_care,,,,,,,,,,,,
PMID_40561161,severity,False,07e1c668-a2ab-4a43-a12a-80e3db55f936,0.255,,,mean,estimated_model_parameter,,,CI95%,1.67,3.62,,Both,1115.0,Hospital based,Persons with symptoms,0.0,,Nigeria,"Ondo State, Nigeria",,,,284.0,1115.0,CFR,naive,,,,,,
PMID_40561161,severity,False,e5833c83-9c38-4ed9-a5d1-47cd14d8e44a,0.177,,,mean,estimated_model_parameter,,,CI95%,1.67,3.62,,Both,4551.0,Hospital based,Persons with symptoms,0.0,,Nigeria,"Ondo State, Nigeria",,,,189.0,1067.0,CFR,naive,,,,,,
PMID_40561161,severity,False,fd5c439e-a6f2-42a4-a042-a1d54857a683,0.053,,,mean,estimated_model_parameter,,,CI95%,1.67,3.62,,Both,1115.0,Hospital based,Persons with symptoms,0.0,,Nigeria,Ondo State,,,,,,CFR,unknown,,,,,,
PMID_33788861,human_delay,False,5a9e540f-8b6c-4b76-a986-b35a55258de4,9.0,days,,mean,observed_sample_statistic,,,CI95%,70.7,89.9,,Both,143.0,Mixed settings,Mixed groups,6.0,,Sierra Leone,Kenema District (survivors) and Freetown (controls),symptom_onset__to__admission,,,,,,,,,,,,
PMID_33788861,human_delay,False,38e96376-afc0-4e4a-a731-beb65e71cfa4,31.0,days,,mean,observed_sample_statistic,,,CI95%,70.7,89.9,,Both,71.0,Hospital based,Other,6.0,,Sierra Leone,"Kenema District, Kenema Government Hospital Lassa Fever Unit",symptom_onset__to__admission,,,,,,,,,,,,
PMID_33788861,human_delay,True,e132f1d0-e7eb-425d-97bd-c63562c6245b,,,,,,,,,,,,,,,,,,,,,,,,,,,,4.4,6.3,['IQR'],"['0ea78d96-8ae4-4cf8-ab0c-842206a3a518', '381dd738-2a23-400d-b9ff-3d351e8dddbc', '6233c055-afc9-496f-bd28-dc4e2eee592a']",
PMID_33788861,seroprevalence,False,ea090bb6-5f96-47f3-bfca-24ff87eff04f,0.817,,,mean,observed_sample_statistic,,,CI95%,70.7,89.9,,Both,71.0,Hospital based,Mixed groups,6.0,,Sierra Leone,Kenema District,,,,58.0,71.0,Unspecified,,,,,,,
PMID_33788861,seroprevalence,False,e8468e0e-77f5-4ad1-a633-056670c7f084,0.718,,,mean,observed_sample_statistic,,,CI95%,70.7,89.9,,Both,71.0,Mixed settings,Persons with symptoms,6.0,,Sierra Leone,"Kenema District, Kenema Government Hospital Lassa Fever Unit",,,,51.0,71.0,Unspecified,,,,,,,
DOI_336535bec731,severity,False,1dcdd05a-de7f-40cb-8181-e169831a1d8d,0.256,,,mean,observed_sample_statistic,standard_deviation,16.6,,,,,Unspecified,5230.0,Population based,General population,,,,,,,,,,CFR,naive,,,,,,
PMID_37216412,attack_rate,False,60881685-0bee-4ab7-b3ff-70badcb3aff0,20.8,percentage,,mean,observed_sample_statistic,,,CI95%,14.1,29.4,,Female,240.0,Hospital based,Pregnant women,20.0,46.0,Nigeria,"Irrua Specialist Teaching Hospital, Edo State, Nigeria",,,,,,,,,,,,,
PMID_37216412,relative_contribution,False,f541119a-fb0e-48fb-96bc-849e1394e5f3,35.03,,,mean,observed_sample_statistic,,,CI95%,43.3,55.9,,Female,106.0,Hospital based,Pregnant women,15.0,46.0,Nigeria,"Irrua Specialist Teaching Hospital, Irrua, Edo State, Nigeria; Usugbenu primary centre and Eromosele medical centre",,,zoonotic_to_human,,,,,,,,,,
PMID_37216412,seroprevalence,True,29866c9b-12e4-43f0-ab72-2cb58aa6f53a,,,,,,,,,,,,,,,,,,,,,,,,,,,,0.404,0.496,['time_point'],"['d77d58b0-b93d-4939-930d-e85b7763382c', 'defc3413-765d-4381-a8a5-97cca841925e', '56c9bbde-e139-4f63-99c0-d7535b119b32']",
PMID_23029594,attack_rate,False,0857903a-26bf-430e-8f15-659f22b08248,12.0,percentage,,median,observed_sample_statistic,,,IQR,23.0,46.0,,Both,198.0,Hospital based,Persons under investigation,,,Nigeria,"Irrua Specialist Teaching Hospital, Edo State",,,,,,,,,,,,,
PMID_23029594,attack_rate,False,08b4a53a-fd3e-485f-a423-2fa98d4b88e0,19.0,percentage,,median,observed_sample_statistic,,,IQR,23.0,46.0,,Both,198.0,Hospital based,Persons under investigation,,,Nigeria,"Irrua Specialist Teaching Hospital, Edo State",,,,,,,,,,,,,
PMID_23029594,human_delay,False,21ddd1ef-b030-4c02-b79a-48f9e942444b,10.0,days,,median,observed_sample_statistic,,,IQR,23.0,46.0,,Both,198.0,Hospital based,Persons with symptoms,0.0,,Nigeria,"Irrua Specialist Teaching Hospital, Edo State",admission__to__discharge_or_recovery,,,,,,,,,,,,
PMID_23029594,human_delay,False,57154db6-cc03-4ea2-8038-572be064bffe,10.0,days,,median,observed_sample_statistic,,,IQR,23.0,46.0,,Both,198.0,Hospital based,Persons with symptoms,0.0,,Nigeria,"Irrua Specialist Teaching Hospital, Edo State, Nigeria",symptom_onset__to__death,,,,,,,,,,,,
PMID_23029594,human_delay,False,797bb548-763d-49fd-aae1-a1d648aaddf3,16.0,days,,median,observed_sample_statistic,,,IQR,18.0,43.0,,Both,198.0,Hospital based,Persons with symptoms,0.0,,Nigeria,"Irrua Specialist Teaching Hospital, Edo State",symptom_onset__to__discharge_or_recovery,,,,,,,,,,,,
PMID_33301526,human_delay,False,64bbbd4e-bb04-4897-b8a5-d57ba7fa8484,10.03,other,,median,observed_sample_statistic,,,IQR,19.0,50.0,,Both,31.0,Hospital based,Other,,,Sierra Leone,"Kenema Government Hospital, Kenema, Sierra Leone",other,time from Lassa fever diagnosis to ophthalmic examination,,,,,,,,,,,
PMID_24335292,mutation_rate,False,567bbb5d-abc7-4eba-8cff-3c3171665f66,0.00237,unspecified,,mean,observed_sample_statistic,,,range,0.8,2.0,,Unspecified,153.0,Other,Other,,,United States,University of Maryland School of Medicine,,,,,,mutation_rate,,,,,,,whole genome
PMID_24335292,mutation_rate,False,0c7b3719-ad03-44c9-aa44-0cd7c6774f32,0.000473,unspecified,,mean,observed_sample_statistic,,,range,0.8,2.0,,Unspecified,163.0,Mixed settings,Mixed groups,,,United States,"University of Maryland School of Medicine, Baltimore, MD",,,,,,mutation_rate,,,,,,,whole genome
PMID_35895416,severity,True,c5a31629-d361-4928-88cb-478be408d71b,,,,,,,,,,,,,,,,,,,,,,,,,,,,0.22,0.857,"['serology status', 'qSOFA risk classification']","['12b8d93f-4138-435c-9912-483302e7e23c', 'cca6f056-51b6-4e31-92d8-a2e631eaa35c', '6b0e3fa0-8856-4b9a-92a9-53bdae9cce04']",
PMID_3139220,severity,True,b284b986-7bc1-4606-8754-5c6ad1e19b2e,,,,,,,,,,,,,,,,,,,,,,,,,,,,0.05,0.3,"['pregnancy status', 'trimester']","['2dee65da-47c8-4d0d-9e91-fb35c6e427c5', 'fea8dc75-59aa-4069-8a81-7c8310013310', '319c03d9-1f09-460f-b2ef-ae0a4e236703', 'e7790b42-2b6a-4379-8f99-fa62dd5ff3ae', '2aeafbb8-acdc-4652-ac01-491d606b569e', 'a4557445-a027-41a2-b19d-6b072d961fab']",
PMID_36692336,seroprevalence,False,2ffb1b0b-ec6e-44b7-ba8e-530946948bff,0.596,,,mean,observed_sample_statistic,,,CI95%,9.7,14.5,,Both,1286.0,Mixed settings,Mixed groups,,,Guinea,"Basse-Guinée (coastal) and Guinée Forestière (Macenta Prefecture and Guéckédou), Guinea",,,,,,IgG,,,,,,,
PMID_36692336,seroprevalence,False,37bf2bc7-cd87-4275-be6e-e01e1754ba6d,0.09,,,mean,observed_sample_statistic,,,CI95%,0.097,0.145,,Both,1286.0,Community based,Mixed groups,16.0,,Guinea,"Basse-Guinée (coastal) and Guinée Forestière (Macenta Prefecture and Guéckédou, forested)",,,,,,IgG,,,,,,,
PMID_36692336,seroprevalence,False,0789ea32-366a-41dd-a072-a7a197688e01,0.135,,,mean,estimated_model_parameter,,,CI95%,0.0033,0.005,,Both,1286.0,Community based,Mixed groups,16.0,,Guinea,Basse-Guinée (coastal) and Macenta Prefecture & Guéckédou (forested),,,,,,IgG,,,,,,,
PMID_36692336,seroprevalence,False,094634f9-27e4-41b3-8142-9dec420fda32,0.618,,,mean,observed_sample_statistic,,,CI95%,0.097,0.145,,Both,702.0,Contact based,General population,,,Guinea,"Basse-Guinée (coastal region), 7 prefectures",,,,,,IgG,,,,,,,
PMID_36692336,seroprevalence,False,772167c6-9d7d-4569-a46e-7efe189bc74f,0.58,,,mean,observed_sample_statistic,,,CI95%,9.7,14.5,,Both,702.0,Community based,Mixed groups,,,Guinea,Basse-Guinée (coastal region),,,,,,IgG,,,,,,,
PMID_36692336,seroprevalence,False,f229a0f8-38b8-44f5-9125-5522678aaa0d,0.054,,,mean,observed_sample_statistic,,,CI95%,9.7,14.5,,Unspecified,702.0,Contact based,Mixed groups,,,Guinea,"Basse-Guinée, Guinea",,,,,,IgG,,,,,,,
PMID_39695525,growth_rate,False,c5a010c2-8b83-440b-8683-e07940393ddd,-0.1363,other_or_unspecified,,mean,observed_sample_statistic,standard_deviation,17.8,,,,,Both,1578.0,Hospital based,Persons with symptoms,0.0,,Nigeria,Ebonyi State,,,,,,,,,,,,,
PMID_39695525,severity,True,079a7f46-d346-46ea-b73f-e55d7befebff,,,,,,,,,,,,,,,,,,,,,,,,,,,,0.18571428571428572,0.47368421052631576,"['population_group', 'population_sample_type']","['700a9216-a364-4ee8-a137-19c577e7a997', 'ea269246-d1d1-494b-a3f1-553f445a8eb0', 'ac63da75-c998-4ea3-bd7c-baebec76fe75', '6cc33fe1-db83-4da6-9a59-71dd14407e28']",
DOI_5d47eee0f0a4,severity,False,3ec491f1-9260-4156-9e67-3cc34d6a98e8,0.29,,,mean,observed_sample_statistic,standard_deviation,11.0,,,,,Both,554.0,Hospital based,Healthcare workers,,,Nigeria,"Ondo State (six LGAs: Akure North, Akure South, Akoko South West, Ose, Owo, Idanre)",,,,4.0,14.0,CFR,naive,,,,,,
PMID_40740381,severity,False,e58622a9-7813-4ad1-82b0-85f45b5f510e,0.146,,,mean,observed_sample_statistic,,,range,13.5,18.3,,Unspecified,1171.0,Population based,General population,,,Nigeria,"54 LGAs across 7 states (Ondo, Edo, Bauchi, Taraba, Gombe, Ebonyi, Kogi)",,,,,,CFR,unknown,,,,,,
DOI_cc3872cd21e1,human_delay,False,06139820-de65-453d-a0b5-5768f42f9704,8.0,days,,mean,observed_sample_statistic,,,CI95%,2.5,11.8,,Both,124.0,Hospital based,Children,0.0,14.0,Nigeria,"Federal Medical Centre Owo, Owo, Ondo State",symptom_onset__to__admission,,,,,,,,,,,,
DOI_cc3872cd21e1,human_delay,False,8af9cea2-85c0-4069-998c-5c740a799ff1,11.0,days,,mean,observed_sample_statistic,,,CI95%,2.5,11.8,,Both,124.0,Hospital based,Children,0.0,14.0,Nigeria,"Federal Medical Centre Owo, Owo",admission__to__discharge_or_recovery,,,,,,,,,,,,
DOI_cc3872cd21e1,human_delay,False,6838851f-46d3-4264-900d-286180e11e90,2.5,days,,mean,observed_sample_statistic,,,CI95%,2.5,11.8,,Both,124.0,Hospital based,Children,0.0,14.0,Nigeria,"Federal Medical Centre Owo, Owo",admission__to__death,,,,,,,,,,,,
DOI_cc3872cd21e1,severity,False,d646447f-ca82-4c34-83b5-deefc1f8bc9f,0.057,,,mean,observed_sample_statistic,,,CI95%,7.0,48.0,,Both,124.0,Hospital based,Children,0.0,14.0,Nigeria,"Federal Medical Centre Owo, Owo, Ondo State",,,,7.0,,CFR,naive,,,,,,
DOI_cc3872cd21e1,severity,False,e0301bf7-c0f6-4293-bafb-66dabdb9dd48,0.029,,,mean,observed_sample_statistic,,,CI95%,0.07,0.48,,Both,124.0,Hospital based,Children,0.0,14.0,Nigeria,"Federal Medical Centre Owo, Owo, Ondo State",,,,3.0,105.0,CFR,naive,,,,,,
PMID_25404077,human_delay,False,a9c85606-872f-4c93-a5cd-5c14b08b2a98,3.0,days,,central,estimated_model_parameter,,,CI95%,1.58,5.26,,Both,429.0,Hospital based,Persons with symptoms,18.0,,Sierra Leone,"Kenema Government Hospital, Kenema District",admission__to__death,,,,,,,,,,,,
PMID_25404077,human_delay,False,cada441f-cd22-4725-8220-131f59711777,7.0,days,,central,estimated_model_parameter,,,CI95%,1.56,4.57,,Both,429.0,Hospital based,Persons with symptoms,18.0,,Sierra Leone,"Kenema Government Hospital, Kenema District",time_in_care,,,,,,,,,,,,
PMID_25404077,human_delay,False,e56ed0ff-f063-48ca-be62-69411351fea1,11.0,days,,median,observed_sample_statistic,,,IQR,29.0,60.0,,Both,429.0,Hospital based,Persons with symptoms,18.0,,Sierra Leone,"Kenema Government Hospital, Kenema District, Eastern Province",time_in_care,,,,,,,,,,,,
PMID_25404077,seroprevalence,False,93d804ad-c1d2-469e-be57-d8ae8465d882,0.577,,,mean,estimated_model_parameter,,,CI95%,1.58,5.26,,Both,429.0,Hospital based,Persons with symptoms,18.0,,Sierra Leone,"Kenema Government Hospital, Kenema District, Eastern Province",,,,15.0,26.0,Unspecified,,,,,,,
PMID_25404077,severity,False,ae3130c9-4328-4b01-b1ea-53fee468c850,0.1889,,,median,observed_sample_statistic,,,IQR,20.0,31.0,,Both,429.0,Hospital based,Persons with symptoms,18.0,,Sierra Leone,"Kenema Government Hospital, Kenema District",,,,81.0,429.0,CFR,naive,,,,,,
PMID_25404077,severity,True,5aba1712-ffab-47d6-bf49-2d65bcda1cb9,,,,,,,,,,,,,,,,,,,,,,,,,,,,0.1416,0.381,['diagnosis'],"['0d800562-01ee-4996-9d83-fe9647c5545b', '8f69aab8-1fb9-421a-abe3-4e09052541d1', '7b76e3fc-e66d-4fa4-bf71-6dfb7de30144']",
PMID_27058894,attack_rate,False,411a4249-b1f0-45f8-b52a-7904f41923dd,80.21,percentage,,mean,observed_sample_statistic,standard_deviation,8.6,range,2.0,75.0,,Both,36.0,Hospital based,Persons under investigation,,,Sierra Leone,"Jui Government Hospital, Freetown",,,,,,,,,,,,,
PMID_27058894,attack_rate,False,17d22cbb-f9fb-4826-b962-7fdefa509793,80.2,percentage,,mean,observed_sample_statistic,standard_deviation,8.6,range,2.0,75.0,,Both,278.0,Hospital based,Persons with symptoms,2.0,75.0,Sierra Leone,"Jui Government Hospital, Freetown",,,,,,,,,,,,,
PMID_27058894,attack_rate,False,5efbccb6-a693-46ee-968f-8da45b55a6d9,51.08,percentage,,mean,observed_sample_statistic,standard_deviation,8.6,,,,,Both,278.0,Hospital based,Persons under investigation,2.0,75.0,Sierra Leone,"Jui Government Hospital, Freetown",,,,,,,,,,,,,
PMID_27058894,attack_rate,False,8036e026-845a-4333-8324-190037e2d7c9,51.1,percentage,,mean,observed_sample_statistic,standard_deviation,8.6,range,2.0,75.0,,Both,278.0,Hospital based,Persons under investigation,2.0,75.0,Sierra Leone,"Jui Government Hospital, Freetown",,,,,,,,,,,,,
PMID_27058894,attack_rate,False,06d0cda3-9337-4b97-8842-4211a1aafbbb,44.24,percentage,,mean,observed_sample_statistic,standard_deviation,8.6,,,,,Both,278.0,Hospital based,Persons with symptoms,2.0,75.0,Sierra Leone,"Jui Government Hospital, Freetown",,,,,,,,,,,,,
PMID_27058894,attack_rate,False,b5043fa8-5c64-4567-8af9-9198727877ce,44.3,percentage,,mean,observed_sample_statistic,standard_deviation,8.6,,,,,Both,278.0,Hospital based,Persons under investigation,2.0,75.0,Sierra Leone,"Jui Government Hospital, Freetown",,,,,,,,,,,,,
PMID_27058894,human_delay,False,234d8ce3-1068-4a49-831b-7a1153d5d889,4.0,days,,mean,observed_sample_statistic,standard_deviation,8.6,,,,,Both,36.0,Hospital based,Persons under investigation,2.0,75.0,Sierra Leone,"Jui Government Hospital, Freetown",symptom_onset__to__admission,,,,,,,,,,,,
PMID_27058894,seroprevalence,False,0773f620-4ba6-422c-a181-cf664dec64e6,0.1295,,,mean,observed_sample_statistic,standard_deviation,8.6,,,,,Both,278.0,Hospital based,Persons under investigation,2.0,75.0,Sierra Leone,"Jui Government Hospital, Freetown",,,,36.0,278.0,IgM,,,,,,,
PMID_27058894,seroprevalence,False,f971bfa8-a123-4c27-9997-2957f9b21495,0.0827,,,mean,observed_sample_statistic,standard_deviation,8.6,,,,,Both,278.0,Hospital based,Persons under investigation,2.0,75.0,Sierra Leone,"Jui Government Hospital, Freetown",,,,23.0,278.0,IgM,,,,,,,
PMID_27058894,seroprevalence,False,d165110a-c7b0-4edf-b1a3-9083f63acb54,0.1583,,,mean,observed_sample_statistic,standard_deviation,8.6,,,,,Both,278.0,Hospital based,Persons under investigation,2.0,75.0,Sierra Leone,"Jui Government Hospital, Freetown",,,,44.0,278.0,Unspecified,,,,,,,
PMID_27058894,severity,True,bcdc0eeb-1753-4e9f-b87a-9a1f1d2fd837,,,,,,,,,,,,,,,,,,,,,,,,,,,,0.027777777777777776,0.18181818181818182,['disease etiology'],"['10fdbafe-0614-4f4d-865c-032bfb4d344a', '34e0cf39-ae35-4dc3-95b8-627dce2595f3', '766db26c-c23c-4bcf-8037-40dc6da54bb5', '87035d96-cf4a-4124-b82c-09a545d342c2', 'ec793ad0-ff30-488b-8c73-6b88533f2bb4']",
PMID_37458991,mutation_rate,True,5551fcce-d9a6-4979-a323-ddb5d57b4c7b,,,,,,,,,,,,,,,,,,,,,,,,,,,,0.000212,0.00097,['genome_site'],"['a2fba7b8-c0a4-4bed-b1d4-204e415f0e24', '1eae8695-dd69-40c0-9c83-d8591dd2e4f9', '63e2e761-967a-4805-874a-c8fa7d7237b4', '4c42de5e-8b14-4ee0-90e6-1652f0f47f41']",
DOI_6fad34286844,severity,False,26030ee3-c6a7-496e-9b85-850aa534d1b1,0.17,,,mean,estimated_model_parameter,standard_deviation,0.73,,,,,Unspecified,,Population based,General population,,,Nigeria,All states of Nigeria (national surveillance data),,,,152.0,,CFR,naive,,,,,,
PMID_28671959,attack_rate,True,c228d400-c2b7-4c2e-abe5-86324d23812f,,,,,,,,,,,,,,,,,,,,,,,,,,,,2.8,3.9,"['clinical presentation group (overall, cases, controls, undifferentiated fever)']","['4f907aa0-8798-4477-8c9b-afaa8bb63891', '4c9a12ca-14b8-40f5-bdb8-37d2056340eb', '4e497a72-fda5-488c-9f77-452aae4c584c', '5dd99b99-918c-4c32-9af7-5653295d9968']",
PMID_28671959,severity,False,bd9e0afc-3fbb-478b-b8f6-2b94fd654198,0.2308,,,mean,observed_sample_statistic,,,CI95%,1.9,5.7,,Both,373.0,Hospital based,Children,0.083,15.0,Nigeria,"Irrua Specialist Teaching Hospital, Irrua, Edo State, Nigeria",,,,3.0,13.0,CFR,naive,,,,,,
PMID_28671959,severity,False,8e1c7420-5baa-45fd-a877-1f6857bbdeaa,0.3333,,,mean,observed_sample_statistic,,,CI95%,1.9,5.7,,Both,373.0,Hospital based,Children,0.08,15.0,Nigeria,"Irrua Specialist Teaching Hospital, Children's Emergency Room, Irrua, Edo State, Nigeria",,,,1.0,3.0,CFR,naive,,,,,,
PMID_28671959,severity,True,89defb48-9ce8-48e4-8302-3b363d50c832,,,,,,,,,,,,,,,,,,,,,,,,,,,,0.0234,0.0667,"['population subgroup (overall, cases, controls)']","['4b1c8fe4-7440-4575-a9ad-878ae3aac9f5', '42bc5c05-6265-42b2-9125-edd8a33ec4c3', 'b162aca6-192d-42a9-85e6-5e26f6f610d7']",
PMID_38716434,attack_rate,False,1fcf678a-2686-408f-ac00-c8707a8813e1,0.3,percentage,,mean,observed_sample_statistic,standard_deviation,16.2,,,,,Both,61.0,Hospital based,Persons with symptoms,0.0,,Nigeria,"Abakaliki, Ebonyi State",,,,,,,,,,,,,
PMID_38716434,severity,False,ae29b142-3354-421b-a265-870229bada6a,0.262,,,mean,observed_sample_statistic,standard_deviation,16.2,,,,,Both,61.0,Hospital based,Persons with symptoms,0.0,,Nigeria,"Abakaliki, Ebonyi State",,,,,,CFR,naive,,,,,,
PMID_31544101,attack_rate,False,664af983-f2db-4ae3-8125-4df576df5581,0.7,percentage,,mean,observed_sample_statistic,,,CI95%,5.3,6.7,,Unspecified,1298.0,Hospital based,Persons with symptoms,,,Nigeria,"Irrua Specialist Teaching Hospital (ISTH), Irrua, Edo State",,,,,,,,,,,,,
PMID_31544101,attack_rate,False,2dcbf720-21c2-4588-b87d-9ad653da688c,4.0,percentage,,mean,observed_sample_statistic,,,CI95%,2.2,3.7,,Both,1298.0,Hospital based,Persons with symptoms,,,Nigeria,"Irrua Specialist Teaching Hospital, Irrua, Edo State",,,,,,,,,,,,,
PMID_31544101,attack_rate,False,1bd7be2a-0a61-4a61-b411-0cb876f27df5,0.3,percentage,,mean,observed_sample_statistic,standard_deviation,22.8,,,,,Both,1298.0,Hospital based,Persons with symptoms,,,Nigeria,"Irrua Specialist Teaching Hospital (ISTH), Irrua, Edo State, Nigeria",,,,,,,,,,,,,
PMID_31544101,severity,True,eae9871c-a08c-4a4a-9d4a-26964a317a05,,,,,,,,,,,,,,,,,,,,,,,,,,,,0.211,0.434,['time period'],"['b6092d88-e089-47d8-903b-5dea8cdd492a', '701d6bb4-1430-4552-b8d1-6bdb332e2e60']",
DOI_693d809a6b7f,human_delay,False,9f2016b2-2776-4faa-af96-250689c47829,10.02,days,,mean,observed_sample_statistic,standard_deviation,12.21,range,15.0,61.0,,Both,35.0,Hospital based,Persons with symptoms,15.0,61.0,Nigeria,"Benue State University Teaching Hospital, Makurdi",symptom_onset__to__admission,,,,,,,,,,,,
DOI_693d809a6b7f,human_delay,False,44f2fa95-d69e-4887-a1c6-756e3dd9ffac,2.77,days,,mean,observed_sample_statistic,standard_deviation,12.21,range,15.0,61.0,,Both,35.0,Hospital based,Persons with symptoms,15.0,61.0,Nigeria,"Benue State University Teaching Hospital, Makurdi, Benue State",other,admission to first dose of Ribavirin (treatment initiation),,,,,,,,,,,
DOI_693d809a6b7f,relative_contribution,False,36abea69-5820-4570-b7bb-96bb0d82f969,11.4,,,mean,observed_sample_statistic,standard_deviation,12.21,,,,,Both,35.0,Hospital based,Mixed groups,15.0,61.0,Nigeria,"Benue State University Teaching Hospital, Makurdi, Benue State, North-Central Nigeria",,,zoonotic_to_human,,,,,,,,,,
DOI_693d809a6b7f,severity,False,7ae182cc-268f-49ed-8d38-17b644542911,0.08571428571428572,,,mean,observed_sample_statistic,standard_deviation,12.21,range,15.0,61.0,,Both,35.0,Hospital based,Persons with symptoms,15.0,61.0,Nigeria,"Benue State University Teaching Hospital, Makurdi, Benue State, North Central Nigeria",,,,3.0,35.0,CFR,naive,,,,,,
DOI_e81026a2c0e2,relative_contribution,False,dceb5b0d-daca-40da-bb10-9ac3121be890,0.68,,,central,estimated_model_parameter,,,CI95%,1.16,3.136,,Both,138.0,Hospital based,Persons with symptoms,,,Liberia,"Multiple counties (Bong, Grand Bassa, Nimba, Montserrado, others)",,,zoonotic_to_human,,,,,,,,,,
DOI_e81026a2c0e2,relative_contribution,False,ae4c8d55-f507-4d9b-aafe-8dbe9e05732e,0.69,,,mean,estimated_model_parameter,,,CI95%,1.16,3.136,,Both,439.0,Hospital based,Persons with symptoms,,,Liberia,"Various counties in Liberia (Bong, Grand Bassa, Nimba, Montserrado, Others)",,,zoonotic_to_human,,,,,,,,,,
DOI_e81026a2c0e2,relative_contribution,False,06c23a43-f94c-4d55-92bc-d185feb29345,0.08,,,mean,estimated_model_parameter,,,CI95%,1.16,3.136,,Both,439.0,Hospital based,Persons with symptoms,,,Liberia,"Various counties in Liberia (Bong, Grand Bassa, Nimba, Montserrado, others)",,,human_to_human,,,,,,,,,,
DOI_e81026a2c0e2,severity,True,e60f48eb-a238-4765-bba1-00b4ce1cea94,,,,,,,,,,,,,,,,,,,,,,,,,,,,0.151,0.667,"['age', 'diagnosis_status']","['10920b9e-cbb7-401a-8f52-ca5bbe1c2442', '003f550e-bbe6-4efd-a7d7-615177182944', '5ec435de-103b-40ca-9bab-cbf007682d3b', '8085f9e3-697b-4c8e-b0bb-206504b04780', '18a02b94-087f-42c2-84ef-d07e6e8f1380', 'f6824e0a-7506-4598-b182-d9b99762df82', '8ec41c35-6dea-4d84-bb3c-6bb59550055b']",
PMID_41263688,seroprevalence,False,b2d35ee4-6330-4a2a-ba66-fc2b573110f6,0.022,,,mean,observed_sample_statistic,,,range,35.6,41.1,,Both,1200.0,Hospital based,Persons with symptoms,5.0,108.0,Nigeria,"University of Abuja Teaching Hospital, Gwagwalada, Federal Capital Territory and Irrua Specialist Teaching Hospital, Irrua, Edo State",,,,13.0,596.0,Unspecified,,,,,,,
PMID_41263688,seroprevalence,False,7c43c8b7-7061-42a2-b24e-c338be202e39,0.287,,,mean,observed_sample_statistic,,,range,35.6,41.1,,Both,1200.0,Hospital based,Persons with symptoms,5.0,108.0,Nigeria,"University of Abuja Teaching Hospital (Gwagwalada, Federal Capital Territory) and Irrua Specialist Teaching Hospital (Irrua, Edo State)",,,,171.0,596.0,Unspecified,,,,,,,
PMID_41263688,seroprevalence,False,0e764a8a-965f-4def-9b6b-80ca2554879b,0.025,,,mean,observed_sample_statistic,,,range,1.0,25.0,,Both,1200.0,Hospital based,Persons with symptoms,5.0,108.0,Nigeria,"University of Abuja Teaching Hospital (UATH), Gwagwalada, Federal Capital Territory; Irrua Specialist Teaching Hospital, Edo State",,,,15.0,596.0,IgM,,,,,,,
PMID_41263688,severity,False,5bbd0435-c83c-45a8-ac9a-f590ce416236,0.04,,,mean,observed_sample_statistic,,,range,35.6,41.1,,Both,1200.0,Hospital based,Persons with symptoms,5.0,108.0,Nigeria,"University of Abuja Teaching Hospital (Gwagwalada, Federal Capital Territory) and Irrua Specialist Teaching Hospital (Irrua, Edo State)",,,,48.0,1200.0,CFR,naive,,,,,,
PMID_31310586,attack_rate,False,ce219f99-0b19-4ed2-a1de-e6d61a7ebfee,0.87,percentage,,mean,observed_sample_statistic,standard_deviation,5.1,,,,,Female,30.0,Hospital based,Pregnant women,16.0,39.0,Nigeria,"Irrua Specialist Teaching Hospital, Irrua, Edo State",,,,,,,,,,,,,
PMID_31310586,human_delay,False,e35b3e45-2933-4165-a256-ab85552af905,10.0,days,,mean,observed_sample_statistic,standard_deviation,5.1,,,,,Female,30.0,Hospital based,Pregnant women,16.0,39.0,Nigeria,"Irrua Specialist Teaching Hospital, Irrua, Edo State",symptom_onset__to__admission,,,,,,,,,,,,
PMID_31310586,human_delay,False,b0ac7af4-878c-4fc9-accd-d98a29850230,24.0,hours,,mean,observed_sample_statistic,standard_deviation,5.1,,,,,Female,30.0,Hospital based,Pregnant women,16.0,39.0,Nigeria,"Irrua Specialist Teaching Hospital (ISTH), Irrua, Edo State, southern Nigeria",admission__to__death,,,,,,,,,,,,
PMID_31310586,human_delay,False,9b30d372-0d12-45aa-b596-d664001bfe88,48.0,hours,,central,observed_sample_statistic,,,,,,,Female,30.0,Hospital based,Pregnant women,16.0,39.0,Nigeria,"Irrua Specialist Teaching Hospital, Irrua, Edo State",admission__to__death,,,,,,,,,,,,
PMID_31310586,severity,False,3d6576c2-4058-40c5-9281-b3837acfb900,0.3666666667,,,mean,observed_sample_statistic,standard_deviation,5.1,,,,,Female,30.0,Hospital based,Pregnant women,16.0,39.0,Nigeria,"Irrua Specialist Teaching Hospital, Irrua, Edo State",,,,11.0,30.0,CFR,naive,,,,,,
PMID_31310586,severity,True,7fcf4977-08ac-45c8-9246-2f3f1a811037,,,,,,,,,,,,,,,,,,,,,,,,,,,,0.5,0.75,['trimester'],"['9144ced9-b915-4443-9178-eb0b0a5a27c3', 'fc3dd5e6-2f88-4ed2-94ec-3940b27626bf']",
DOI_f2470ce9f323,severity,False,751c062b-4751-4c10-bc2f-5a34b6aee5ed,0.2,,,mean,observed_sample_statistic,,,range,1.0,50.0,,Both,674.0,Population based,General population,1.0,94.0,Nigeria,"Nigeria, 18 states (across 93 Local Government Areas)",,,,102.0,510.0,CFR,naive,,,,,,
DOI_f2470ce9f323,severity,False,38456e10-ef95-46c4-8847-0573c73a3254,0.188,,,mean,observed_sample_statistic,,,range,1.0,50.0,,Both,674.0,Population based,Persons with symptoms,1.0,94.0,Nigeria,"Nationwide (18 states, 93 LGAs) during first quarter of 2025",,,,127.0,,CFR,unknown,,,,,,
DOI_a3f7ab8bee0b,severity,False,5dd0d373-0ab7-4913-8a0a-754cbd529966,0.186,,,mean,observed_sample_statistic,,,range,9.3,30.2,,Unspecified,7972.0,Population based,General population,,,Nigeria,Nationwide across 21 states,,,,164.0,884.0,CFR,naive,,,,,,
DOI_a3f7ab8bee0b,severity,False,91a2cabc-1c04-4370-88db-67d86fff1dae,0.22,,,mean,observed_sample_statistic,,,range,9.3,30.2,,Both,249.0,Population based,Healthcare workers,,,Nigeria,National,,,,,,CFR,unknown,,,,,,
PMID_32795603,attack_rate,False,a8a1d61d-f6cb-4d18-a825-6ba40272d548,20.0,percentage,,median,observed_sample_statistic,,,IQR,11.5,33.0,,Both,147.0,Mixed settings,Mixed groups,3.0,66.0,Sierra Leone,"Kenema Government Hospital and surrounding community, Kenema, Sierra Leone",,,,,,,,,,,,,
PMID_32795603,attack_rate,False,f5c4807c-5d54-4b5c-b942-3da304b3800c,32.0,percentage,,median,observed_sample_statistic,,,IQR,11.5,33.0,,Both,47.0,Mixed settings,Other,3.0,66.0,Sierra Leone,"Kenema Government Hospital, Eastern Sierra Leone",,,,,,,,,,,,,
PMID_32795603,attack_rate,False,dde642d1-4b04-4716-bd23-797f60b7751d,7.0,percentage,,median,observed_sample_statistic,,,IQR,11.5,33.0,,Both,47.0,Mixed settings,Persons with symptoms,3.0,66.0,Sierra Leone,"Kenema, Sierra Leone (Kenema Government Hospital and surrounding communities)",,,,,,,,,,,,,
PMID_32795603,attack_rate,False,902ecbd5-9dd2-4fb5-bfa4-3bc6c0daddbe,17.0,percentage,,mean,observed_sample_statistic,standard_error,4.0,,,,,Both,47.0,Hospital based,Other,,,Sierra Leone,"Kenema, Eastern Sierra Leone (Kenema Government Hospital)",,,,,,,,,,,,,
PMID_36567369,seroprevalence,False,b6437216-aba1-4a75-8477-4870a0d33253,0.48,,,mean,observed_sample_statistic,standard_deviation,14.552,,,,,Both,540.0,Hospital based,Mixed groups,,,Nigeria,"Abakaliki, Ebonyi State and Owo, Ondo State (Southern Nigeria)",,,,,,IgG,,,,,,,
PMID_36567369,seroprevalence,False,3ecb048a-787d-4b67-af04-acd025e726c5,0.32,,,mean,observed_sample_statistic,standard_deviation,14.552,,,,,Both,540.0,Hospital based,Mixed groups,,,Nigeria,"Southern Nigeria (Abakaliki, Ebonyi State and Owo, Ondo State)",,,,,,IgM,,,,,,,
PMID_36567369,seroprevalence,False,d2229c6e-0b4f-4fa4-bff6-eb3de41fa227,0.23,,,mean,observed_sample_statistic,standard_deviation,14.552,,,,,Both,540.0,Hospital based,Mixed groups,,,Nigeria,"Abakaliki (Ebonyi State) and Owo (Ondo State), Southern Nigeria",,,,,,IgM,,,,,,,
PMID_36567369,seroprevalence,False,a6204486-585a-49f5-848e-dc5d974df1e2,0.5,,,mean,observed_sample_statistic,standard_deviation,14.552,,,,,Both,540.0,Hospital based,Mixed groups,,,Nigeria,"Abakaliki, Ebonyi State; Owo, Ondo State",,,,,,IgG,,,,,,,
PMID_36567369,seroprevalence,False,43fb6b86-3df2-49eb-b4c6-e96c400bb721,0.48,,,mean,observed_sample_statistic,,,CI95%,18.038,47.142,,Both,540.0,Hospital based,Mixed groups,,,Nigeria,"Southern Nigeria (Abakaliki, Ebonyi State; Owo, Ondo State)",,,,,,IgM,,,,,,,
PMID_36567369,seroprevalence,False,4fcd5368-370d-458a-9fa3-692cab29d202,0.33,,,mean,observed_sample_statistic,standard_deviation,14.552,,,,,Both,89.0,Mixed settings,Mixed groups,,,Nigeria,"Southern Nigeria (Abakaliki, Ebonyi State; Owo, Ondo State)",,,,,,IgM,,,,,,,
PMID_36567369,seroprevalence,False,7ec6929a-f36f-4070-a442-1e6ef5cf4b62,0.06,,,mean,observed_sample_statistic,,,CI95%,18.038,47.142,,Both,540.0,Hospital based,Mixed groups,,,Nigeria,"Abakaliki, Ebonyi State and Owo, Ondo State, Southern Nigeria",,,,,,Unspecified,,,,,,,
PMID_36567369,seroprevalence,True,dfc0ab04-ff6d-4a43-b331-bc8f4622b8aa,,,,,,,,,,,,,,,,,,,,,,,,,,,,0.64,0.77,['population_group'],"['37ad7b0a-071d-46ea-95fb-cee62d2e81ed', 'd2b93229-7b94-4512-bcfa-44fa9d1e7ad0']",
PMID_28922385,human_delay,False,0ee965c7-a94f-435b-9521-b855253bef5d,11.4,days,,mean,observed_sample_statistic,standard_deviation,13.9,,,,,Both,49.0,Hospital based,Persons with symptoms,,,Sierra Leone,"Kenema Government Hospital, Kenema",symptom_onset__to__death,,,,,,,,,,,,
PMID_28922385,severity,False,5cb97847-efbb-449c-a682-da844a82ddf4,0.14,,,mean,observed_sample_statistic,standard_deviation,13.9,,,,,Both,49.0,Hospital based,Persons with symptoms,,,Sierra Leone,"Kenema Government Hospital, Kenema",,,,7.0,49.0,CFR,naive,,,,,,
PMID_40756165,seroprevalence,False,30ec999b-94b2-45b5-811d-118352c1bb7a,0.3,,,mean,observed_sample_statistic,,,CI95%,0.68,1.32,,Both,5000.0,Community based,General population,0.0,,"Liberia, Nigeria, Sierra Leone","Phebe Hospital (Phebe, Bong County, Liberia); Irrua Specialist Teaching Hospital (Irrua, Edo State, Nigeria); Federal Medical Centre Owo (Owo, Ondo State, Nigeria); Alex Ekwueme Federal University Teaching Hospital Abakaliki (Abakaliki, Ebonyi State, Nigeria); Kenema Government Hospital (Kenema, Sierra Leone)",,,,,,Unspecified,,,,,,,
DOI_0a06b41c6f3a,attack_rate,False,0fca79c0-1728-4fa1-9576-12b85048af56,53.3,percentage,,median,observed_sample_statistic,,,range,6.0,48.0,,Both,8.0,Hospital based,Mixed groups,6.0,48.0,Liberia,"Suakoko district, Bong County",,,,,,,,,,,,,
DOI_0a06b41c6f3a,seroprevalence,False,1dfeaa1f-1163-4c0a-b370-5c1e9f8e3bf7,0.024,,,median,observed_sample_statistic,,,range,6.0,48.0,,Both,8.0,Hospital based,Mixed groups,6.0,48.0,Liberia,"Suakoko district, Bong County",,,,8.0,330.0,IgG,,,,,,,
DOI_0a06b41c6f3a,severity,False,b10eebec-a5bd-4442-b959-ae52cb8c610b,0.25,,,median,observed_sample_statistic,,,range,6.0,48.0,,Both,8.0,Hospital based,Mixed groups,6.0,48.0,Liberia,"Suakoko district, Bong County (Phebe Hospital)",,,,2.0,8.0,CFR,naive,,,,,,
DOI_0a06b41c6f3a,severity,False,492fd2b2-3809-4e3a-978e-e05b31789a06,0.025,,,median,observed_sample_statistic,,,range,6.0,48.0,,Both,8.0,Hospital based,Mixed groups,6.0,48.0,Liberia,"Suakoko district, Bong County, Phebe Hospital",,,,77.0,3141.0,CFR,naive,,,,,,
PMID_33079033,severity,False,3347fcbb-15b9-47c4-9762-2ade19f2c914,0.573,,,mean,observed_sample_statistic,,,,,,,Both,190.0,Mixed settings,Persons under investigation,,,Sierra Leone,"Kenema Government Hospital, Kenema, Sierra Leone",,,,109.0,190.0,CFR,naive,,,,,,
PMID_36962735,severity,False,a284dd08-8b8b-4536-aeb4-63a5b2778dff,0.235,,,mean,estimated_model_parameter,,,CI95%,1.06,1.63,,Both,724.0,Hospital based,Persons with symptoms,,,Nigeria,nationwide across 36 states and the Federal Capital Territory,,,,344.0,1463.0,CFR,naive,,,,,,
PMID_32802410,seroprevalence,False,7f8d2fe1-e6e9-41f2-8d13-8b0fb58e142e,0.57,,,mean,observed_sample_statistic,standard_deviation,0.2,,,,,Unspecified,2.0,Other,Other,,,Germany,"Darmstadt, Germany",,,,21.0,37.0,IgG,,,,,,,
PMID_38505199,human_delay,False,9a61bbfe-3b76-4643-b7df-1601d401dada,8.54,days,,mean,observed_sample_statistic,standard_deviation,3.83,,,,,Both,183.0,Hospital based,Children,0.0,17.0,Nigeria,"Alex-Ekwueme Federal University Teaching Hospital Abakaliki, Ebonyi State",symptom_onset__to__admission,,,,,,,,,,,,
PMID_38505199,severity,False,38291b5c-41c5-44cd-bd96-448a82851900,0.2916666667,,,mean,observed_sample_statistic,standard_deviation,3.83,,,,,Both,24.0,Hospital based,Children,0.0,17.0,Nigeria,"Alex-Ekwueme Federal University Teaching Hospital Abakaliki, Ebonyi State",,,,7.0,24.0,CFR,naive,,,,,,
DOI_7d439ca423be,attack_rate,False,0438dd72-0f70-44ef-93b4-0e6b54a9f465,17.2,percentage,,mean,observed_sample_statistic,standard_deviation,20.5,,,,,Both,215.0,Hospital based,Persons with symptoms,0.0,99.0,Nigeria,"Federal Medical Centre, Owo, Ondo State, Nigeria",,,,,,,,,,,,,
DOI_7d439ca423be,attack_rate,False,5b7542bc-b579-4728-889d-7cfd44430c45,5.4,percentage,,mean,observed_sample_statistic,standard_deviation,20.5,,,,,Both,37.0,Hospital based,Persons with symptoms,0.0,99.0,Nigeria,"Federal Medical Centre, Owo, Ondo State",,,,,,,,,,,,,
DOI_7d439ca423be,attack_rate,False,cdf677e4-84ae-4fa5-b287-f0b803f5fbc2,2.7,percentage,,mean,estimated_model_parameter,,,CI95%,6.8,10.8,,Both,37.0,Hospital based,Persons under investigation,0.0,79.0,Nigeria,"Federal Medical Centre, Owo, Ondo State",,,,,,,,,,,,,
DOI_7d439ca423be,seroprevalence,False,921e3e21-7946-4e18-adef-8f5a87a66607,0.054,,,mean,observed_sample_statistic,standard_deviation,20.5,,,,,Both,37.0,Hospital based,Persons with symptoms,0.0,79.0,Nigeria,"Federal Medical Centre, Owo, Ondo State",,,,2.0,37.0,IgM,,,,,,,
DOI_7d439ca423be,seroprevalence,False,b9a4391b-5fd1-4da6-816d-2b87d04bef8b,0.027,,,mean,observed_sample_statistic,standard_deviation,20.5,,,,,Both,215.0,Hospital based,Persons with symptoms,0.0,99.0,Nigeria,"Federal Medical Centre, Owo, Ondo State, Southwest Nigeria",,,,1.0,37.0,IgM,,,,,,,
DOI_7d439ca423be,severity,False,a149b9cd-8ca5-4b43-abf5-ff0403d60ad9,0.16216216216216217,,,mean,observed_sample_statistic,standard_deviation,20.5,,,,,Both,215.0,Hospital based,Persons with symptoms,0.0,99.0,Nigeria,"Federal Medical Centre, Owo, Ondo State",,,,6.0,37.0,CFR,naive,,,,,,
DOI_7d439ca423be,severity,False,8466afcd-271a-481c-aaea-66a439a0c42d,1.0,,,mean,observed_sample_statistic,standard_deviation,20.5,,,,,Both,37.0,Hospital based,Persons with symptoms,,79.0,Nigeria,"Federal Medical Centre, Owo, Ondo State",,,,1.0,1.0,CFR,naive,,,,,,
DOI_7d439ca423be,severity,False,087f39d0-6f71-4c23-8b8f-af852833a3d1,0.173246,,,mean,estimated_model_parameter,,,CI95%,6.8,10.8,,Both,215.0,Hospital based,Persons with symptoms,,99.0,Nigeria,"Federal Medical Centre, Owo, Ondo State",,,,152.0,877.0,CFR,naive,,,,,,
DOI_1419692152fe,attack_rate,False,33e4a609-331d-4828-b9c3-d1e120948ff2,41.5,percentage,,central,estimated_model_parameter,,,CI95%,0.8,3.6,,Both,130.0,Hospital based,Mixed groups,18.0,78.0,Nigeria,"Irrua Specialist Teaching Hospital, Irrua, Edo State, Nigeria",,,,,,,,,,,,,
DOI_1419692152fe,attack_rate,False,ae3110e1-5813-4612-8b74-310afa3368c1,28.5,percentage,,central,observed_sample_statistic,,,CI95%,0.8,3.6,,Both,130.0,Hospital based,Mixed groups,18.0,78.0,Nigeria,"Irrua Specialist Teaching Hospital (ISTH), Irrua, Edo State",,,,,,,,,,,,,
DOI_1419692152fe,human_delay,False,b4bd46eb-0ca0-4345-b1f3-fdb03aa634ed,6.7,days,,central,estimated_model_parameter,,,CI95%,0.8,3.6,,Both,130.0,Hospital based,Unspecified,18.0,78.0,Nigeria,"Irrua Specialist Teaching Hospital, Irrua, Edo State, Nigeria",other,Symptom onset to first hemodialysis (non-LF group),,,,,,,,,,,
DOI_1419692152fe,human_delay,False,780c429f-a971-4f6d-b055-caf7f5319ddc,6.7,days,,central,observed_sample_statistic,,,CI95%,0.8,3.6,,Both,130.0,Hospital based,Persons with symptoms,18.0,78.0,Nigeria,"Irrua Specialist Teaching Hospital, Edo State",other,Overall symptom onset to first hemodialysis,,,,,,,,,,,
DOI_1419692152fe,human_delay,False,a3c24cde-bf53-40e0-852a-ba80be8d139e,3.0,weeks,,central,estimated_model_parameter,,,CI95%,0.8,3.6,,Both,130.0,Hospital based,Persons with symptoms,18.0,78.0,Nigeria,"Irrua Specialist Teaching Hospital (ISTH), Irrua, Edo State, Nigeria",time_in_care,,,,,,,,,,,,
DOI_1419692152fe,severity,False,b8a2211d-f44d-4b9b-a54c-943c88bac3dd,0.39473684210526316,,,central,estimated_model_parameter,,,CI95%,0.8,3.6,,Both,130.0,Hospital based,Persons with symptoms,18.0,78.0,Nigeria,"Irrua Specialist Teaching Hospital, Edo State",,,,30.0,76.0,CFR,naive,,,,,,
PMID_37053304,seroprevalence,False,60fcb021-f719-4839-af9c-98dbdacf706c,0.457,,,median,observed_sample_statistic,,,CI95%,0.6,0.94,,Both,77.0,Hospital based,Pregnant women,20.0,46.0,Nigeria,"Irrua Specialist Teaching Hospital and associated health centres, Edo State, Southern Nigeria",,,,77.0,170.0,IgG,,,,,,,
PMID_37053304,seroprevalence,False,d3b2d775-7f3a-4f58-acd5-ee849a4600fc,0.988,,,mean,observed_sample_statistic,,,CI95%,0.6,0.94,,Both,77.0,Hospital based,Pregnant women,20.0,46.0,Nigeria,"Irrua Specialist Teaching Hospital (ISTH) and two health centres (Usugbenu primary centre and Eromosele medical centre), Edo State, Southern Nigeria",,,,168.0,170.0,IgG,,,,,,,
PMID_37053304,seroprevalence,False,99baf8ad-cec1-47b9-adfa-f1dbc3b327ff,0.988,,,mean,observed_sample_statistic,,,CI95%,0.6,0.94,,Female,77.0,Hospital based,Pregnant women,20.0,46.0,Nigeria,"Irrua Specialist Teaching Hospital (ISTH) and Usugbenu primary centre and Eromosele medical centre, Edo State, Southern Nigeria",,,,166.0,168.0,IgG,,,,,,,
DOI_0950e43f0694,seroprevalence,False,1b2aad3c-c924-41e1-b255-6b19eb794d2f,0.29,,,median,observed_sample_statistic,,,IQR,28.0,50.0,,Both,176.0,Community based,General population,18.0,,Nigeria,"Abuja Municipal Area Council and Ikorodu, Nigeria",,,,51.0,176.0,IgG,,,,,,,
DOI_e3e546b8448f,human_delay,False,49095943-5ee2-43d7-b15e-f72b5039ba0c,7.75,days,,mean,observed_sample_statistic,,,range,5.0,16.0,,Both,50.0,Hospital based,Persons under investigation,,60.0,Sierra Leone,"Kenema Government Hospital, Kenema",symptom_onset__to__death,,,,,,,,,,,,
PMID_41191941,seroprevalence,False,594a94e0-5b1a-4a11-81a0-38a5c91e28fd,0.067,,,mean,observed_sample_statistic,,,CI95%,1177.7,4330.7,,Both,114.0,Hospital based,General population,18.0,50.0,United States; Liberia,Three US sites and one site in Liberia,,,,4.0,60.0,IgG,,,,,,,
PMID_39450398,human_delay,False,85d274d2-712e-4bd7-ae08-19d41512a55a,8.0,days,,median,observed_sample_statistic,,,IQR,5.0,12.0,,Both,152.0,Hospital based,Persons with symptoms,,,Nigeria,"Irrua Specialist Teaching Hospital, Irrua, Edo State",symptom_onset__to__admission,,,,,,,,,,,,
PMID_39450398,human_delay,False,fdb0e203-2493-4a41-a6fa-fddd32abab89,10.0,days,,median,observed_sample_statistic,,,IQR,5.0,12.0,,Both,152.0,Hospital based,Persons with symptoms,0.0,,Nigeria,"Irrua Specialist Teaching Hospital, Irrua, Edo State, Southern Nigeria",other,time to viral clearance,,,,,,,,,,,
PMID_33484646,severity,False,6f057801-aabe-47fa-baa8-ae84a7d8761c,0.368,,,mean,observed_sample_statistic,,,CI95%,524.0,917.3,,Unspecified,306.0,Hospital based,Persons with symptoms,,,Nigeria,"Irrua Specialist Teaching Hospital, Irrua, Edo State",,,,74.0,201.0,CFR,naive,,,,,,
PMID_33219806,attack_rate,False,1ff66ee5-275e-4582-820d-4ead153d3909,73.0,percentage,,mean,observed_sample_statistic,,,,,,,Unspecified,113.0,Hospital based,Persons with symptoms,,,Nigeria,"Irrua Specialist Teaching Hospital, Irrua, Edo State",,,,,,,,,,,,,
PMID_32139945,reproduction_number,False,be294fea-1a96-402b-98b9-5528eb37cf53,1.5,,,mean,observed_sample_statistic,,,range,18.0,39.0,,Both,2000.0,Population based,Other,,,,,,,basic_R0,,,,other,other,,,,,
PMID_31241870,severity,False,cf98c8f6-2d37-47f6-9e76-8f2d4db94620,0.87,,,mean,observed_sample_statistic,,,CI95%,78.9,99.0,,Unspecified,77.0,Hospital based,Persons under investigation,,,Sierra Leone,"Kenema Government Hospital (KGH) VHF Ward, Kenema",,,,,,CFR,unknown,,,,,,
PMID_27118328,seroprevalence,False,e39abcd1-e912-475a-9786-339941429320,0.115,,,mean,observed_sample_statistic,,,CI95%,9.5,13.5,,Both,977.0,Population based,General population,1.0,99.0,Guinea,"Guéckedou, Lola, and Yomou prefectures (forest region), Guinea",,,,112.0,977.0,IgG,,,,,,,
PMID_27118328,seroprevalence,False,e7463037-0baf-45cd-a3b9-6373b829fa3d,0.129,,,mean,observed_sample_statistic,,,CI95%,9.5,13.5,,Both,977.0,Population based,General population,1.0,99.0,Guinea,"Prefectures of Guéckedou, Lola, Yomou, forest region",,,,,,IgG,,,,,,,
PMID_27118328,seroprevalence,False,2055ea10-3985-465c-9b9c-560dcfc42fd6,0.1,,,mean,estimated_model_parameter,,,CI95%,0.093,0.133,,Both,977.0,Population based,General population,1.0,99.0,Guinea,"Gueckedou, Lola, Yomou prefectures",,,,,,IgG,,,,,,,
PMID_24535150,human_delay,False,f3bda641-2fb0-4991-8fa8-98cdb55cbed8,11.0,days,,median,observed_sample_statistic,,,IQR,2.0,13.0,,Both,36.0,Hospital based,Mixed groups,,,Sierra Leone,"Gondama Referral Hospital, Bo district",other,admission to laboratory testing (median for patients who died),,,,,,,,,,,
PMID_24535150,human_delay,True,e34dff6c-c313-4871-824b-6898a2feb70a,,,,,,,,,,,,,,,,,,,,,,,,,,,,7.0,11.0,['outcome'],"['e2c4ac72-5d53-4e23-bd36-cc661e8d72de', '1d437358-3a06-4ecf-b977-f86bdfda60c6', '29f636a8-8fa2-45ec-811f-aa63d4d36c44']",
PMID_24535150,severity,True,c9fec961-8209-41ed-b16c-e22976b3ed3f,,,,,,,,,,,,,,,,,,,,,,,,,,,,0.2857142857,0.6111111111,"['lab confirmation status', 'ribavirin treatment receipt', 'treatment initiation timing']","['c86a1b38-0b67-4c1c-9d9a-cf5234936f8f', 'cd35e726-35ca-4c1c-ae67-fa4935b1ce12', '8bce8159-931f-48fb-8503-97c621161e6f', 'c58d4e39-240c-491c-b593-e63166b4491c', '50f1e33f-deb6-4ba6-91cb-c4121936007c']",
PMID_10878062,seroprevalence,False,ac80cd51-0dec-44f6-8ba4-fa6b0ef31684,0.08,,,mean,observed_sample_statistic,,,CI95%,15.0,21.0,,Unspecified,1551.0,Mixed settings,Other,,,"Guinea, Mali","17 villages across Guinea and Mali (e.g., Bantou, Gbetaya, Tanganya)",,,,129.0,1551.0,IgG,,,,,,,
PMID_10878062,seroprevalence,False,5690e9f7-57c4-4938-af91-364f0e30edc6,0.18,,,mean,observed_sample_statistic,,,CI95%,15.0,21.0,,Both,1551.0,Mixed settings,Other,,,Guinea; Mali,"17 villages in Guinea and Mali (e.g., Bantou, Gbetaya, Tanganya, Bamba, Bhoita, etc.)",,,,109.0,596.0,IgG,,,,,,,
PMID_10878062,seroprevalence,False,d53dc010-afd6-4aed-ad95-e373dd2a0d55,0.27,,,mean,observed_sample_statistic,,,CI95%,15.0,21.0,,Unspecified,1551.0,Mixed settings,Other,,,Guinea,"17 villages in Guinea (including Bantou, Gbetaya, Tanganya, Bamba, Gania, Kaali, Khoneya, Kodoko, Macenta, Maikou, Massakoroma, Sangassou, Saourou, Yafraya, etc.)",,,,108.0,396.0,IgG,,,,,,,
PMID_10878062,seroprevalence,False,bf59a4f3-de4b-48a6-9f2c-5c1a48a9cd9d,0.21,,,mean,observed_sample_statistic,,,CI95%,15.0,21.0,,Both,1551.0,Mixed settings,Other,,600.0,"Guinea, Mali","Multiple villages in Guinea and Mali (e.g., Bantou, Gbetaya, Tanganya, Bamba, Gania, Kaali, etc.)",,,,43.0,201.0,IgG,,,,,,,
PMID_10878062,seroprevalence,False,072a736e-17e8-4d39-a6c2-6c4349f4f583,0.12,,,mean,observed_sample_statistic,,,CI95%,23.0,32.0,,Unspecified,1551.0,Mixed settings,Other,,,"Guinea, Mali","17 villages in Guinea and Mali (e.g., Bantou, Gbetaya, Tanganya, Bamba, etc.)",,,,5.0,40.0,IgG,,,,,,,
PMID_821624,attack_rate,False,fa1dc7f2-3af6-4248-93a1-9557a01ae3fb,18.0,percentage,,mean,observed_sample_statistic,,,CI95%,15.0,21.0,,Both,1551.0,Mixed settings,Other,0.0,600.0,Guinea and Mali,"17 villages across Guinea and Mali (e.g., Bantou, Gbetaya, Tanganya, Bamba, Bhoita, Franfina, Gagal, Gania, Kaali, Khoneya, Kodoko, Macenta, Maikou, Massakoroma, Sangassou, Saourou, Yafraya)",,,,,,,,,,,,,
PMID_821624,attack_rate,False,f29f6193-111a-477e-aa93-b7f829d9bd03,21.0,percentage,,mean,observed_sample_statistic,,,CI95%,72.0,100.0,,Both,1551.0,Mixed settings,Other,,,Guinea and Mali,"17 villages in Guinea and Mali (e.g., Bantou, Gbetaya, Tanganya, Bamba, etc.)",,,,,,,,,,,,,
PMID_821624,attack_rate,False,dac44f82-200c-4d8d-942c-1cdc1f93dffd,12.0,percentage,,mean,observed_sample_statistic,,,CI95%,15.0,21.0,,Unspecified,1551.0,Other,Other,,,Guinea and Mali,"17 villages in Guinea (e.g., Bantou, Gbetaya, Tanganya, Bamba, etc.)",,,,,,,,,,,,,
PMID_821624,attack_rate,False,b4b5b319-246d-4f6f-942f-95e48977895f,39.0,percentage,,mean,observed_sample_statistic,,,CI95%,15.0,21.0,,Unspecified,1551.0,Mixed settings,Other,,,"Guinea, Mali","17 villages across Guinea (Coastal, Upper, Forest) and Mali",,,,,,,,,,,,,
PMID_821624,attack_rate,False,6f76099a-e078-4704-8f93-446542ea9f7d,50.0,percentage,,mean,observed_sample_statistic,,,CI95%,23.0,32.0,,Unspecified,1551.0,Mixed settings,Other,,,Guinea; Mali,"17 villages across Guinea and Mali (e.g., Bamba, Bantou, Bhoita, Franfina, Gagal, Gania, Gbetaya, Kaali, Khoneya, Kodoko, Macenta, Maikou, Massakoroma, Sangassou, Saourou, Tanganya, Yafraya)",,,,,,,,,,,,,
PMID_821624,seroprevalence,False,07d4e1fb-922d-4cb9-816b-d3c4ae4ec8ea,0.08,,,mean,observed_sample_statistic,,,CI95%,15.0,21.0,,Unspecified,1551.0,Mixed settings,Other,,,Guinea,"Multiple villages in Guinea (e.g., Bantou, Gbetaya, Tanganya)",,,,129.0,1551.0,IgG,,,,,,,
PMID_1085213,seroprevalence,False,b192a698-e942-4fde-b173-35be0bdc467f,0.053,,,mean,observed_sample_statistic,,,,,,,Unspecified,247.0,Hospital based,Persons with symptoms,,,,"Mission hospitals in West Africa and New York, USA",,,,5.0,94.0,Unspecified,,,,,,,
