outbreak_start_day,outbreak_start_month,outbreak_start_year,outbreak_end_day,outbreak_end_month,outbreak_end_year,outbreak_duration_months,outbreak_is_currently_ongoing,outbreak_country,outbreak_location,outbreak_location_type,outbreak_source,mode_of_detection,method_of_case_definition,pre_outbreak,cases_confirmed,cases_probable,cases_suspected,cases_unspecified,cases_asymptomatic,cases_severe,deaths,asymptomatic_transmission_described,population_size_geographical_area,type_cases_sex_disagg,male_cases,prop_male_cases,female_cases,prop_female_cases,notes,article_id,outbreak_index,extraction_timestamp
1.0,Jan,2018.0,6.0,May,2018.0,,False,Nigeria,Edo;Ondo;Ebonyi;other states,state,Wild animal,Molecular (PCR etc),,Endemic equilibrium,423.0,10.0,1893.0,,,,106.0,False,,Confirmed,257.0,62.1,157.0,37.9,Emergency phase declared over on May 10 2018; Lassa fever is endemic in Nigeria.,PMID_31107222,1,2026-01-26T19:15:28.991351
1.0,Jan,2018.0,18.0,Mar,2018.0,,False,Nigeria,,,Wild animal,,,Endemic equilibrium,376.0,,1495.0,,,,,False,,,,,,,"Outbreak season 2018 in Nigeria with 1,495 suspected and 376 confirmed cases reported by 18 March 2018; primarily zoonotic spillover from rodent reservoirs; no asymptomatic transmission described.",PMID_30606844,1,2026-01-26T19:15:49.757876
,Jan,2018.0,,Mar,2018.0,,False,Nigeria,,,Wild animal,Molecular (PCR etc),,Endemic equilibrium,400.0,,,,,,97.0,False,186000000.0,,,,,,,PMID_31918780,1,2026-01-26T19:16:22.084830
,Jan,2019.0,,Mar,2019.0,,False,Nigeria,,,Wild animal,Molecular (PCR etc),,Endemic equilibrium,526.0,,,,,,121.0,False,186000000.0,,,,,,,PMID_31918780,2,2026-01-26T19:16:23.552900
,Nov,2016.0,,Jun,2017.0,,False,Nigeria,,,Wild animal,Molecular (PCR etc),,Endemic equilibrium,197.0,,,,,,,False,186000000.0,,,,,,,PMID_31918780,3,2026-01-26T19:16:24.947309
,Dec,2017.0,,May,2018.0,,False,Nigeria,Edo state,state,Wild animal,Molecular (PCR etc),,Endemic equilibrium,175.0,,,,,,,False,4200000.0,,,,,,,PMID_31918780,4,2026-01-26T19:16:26.750982
,Dec,2017.0,,May,2018.0,,False,Nigeria,Ondo state,state,Wild animal,Molecular (PCR etc),,Endemic equilibrium,114.0,,,,,,,False,4700000.0,,,,,,,PMID_31918780,5,2026-01-26T19:16:28.319604
,Nov,2017.0,,May,2018.0,,False,Nigeria,Ebonyi state,state,Wild animal,Molecular (PCR etc),,Endemic equilibrium,63.0,,,,,,,False,2900000.0,,,,,,,PMID_31918780,6,2026-01-26T19:16:29.898218
,Dec,2017.0,,Apr,2018.0,,False,Nigeria,Bauchi state,state,Wild animal,Molecular (PCR etc),,Endemic equilibrium,13.0,,,,,,,False,6500000.0,,,,,,,PMID_31918780,7,2026-01-26T19:16:31.485662
,Dec,2017.0,,Apr,2018.0,,False,Nigeria,Plateau state,state,Wild animal,Molecular (PCR etc),,Endemic equilibrium,14.0,,,,,,,False,4200000.0,,,,,,,PMID_31918780,8,2026-01-26T19:16:33.100826
,Nov,2018.0,,Apr,2019.0,,False,Nigeria,Edo state,state,Wild animal,Molecular (PCR etc),,Endemic equilibrium,307.0,,,,,,,False,4300000.0,,,,,,,PMID_31918780,9,2026-01-26T19:16:34.775857
,Dec,2018.0,,Apr,2019.0,,False,Nigeria,Ondo state,state,Wild animal,Molecular (PCR etc),,Endemic equilibrium,170.0,,,,,,,False,4800000.0,,,,,,,PMID_31918780,10,2026-01-26T19:16:36.395526
,Dec,2018.0,,Apr,2019.0,,False,Nigeria,Ebonyi state,state,Wild animal,Molecular (PCR etc),,Endemic equilibrium,59.0,,,,,,,False,3000000.0,,,,,,,PMID_31918780,11,2026-01-26T19:16:37.994442
,Dec,2018.0,,Apr,2019.0,,False,Nigeria,Bauchi state,state,Wild animal,Molecular (PCR etc),,Endemic equilibrium,137.0,,,,,,,False,6700000.0,,,,,,,PMID_31918780,12,2026-01-26T19:16:39.607131
,Dec,2018.0,,Apr,2019.0,,False,Nigeria,Plateau state,state,Wild animal,Molecular (PCR etc),,Endemic equilibrium,36.0,,,,,,,False,4300000.0,,,,,,,PMID_31918780,13,2026-01-26T19:16:41.289385
25.0,Dec,1969.0,,,,,False,Nigeria,Jos Hospital,hospital,Unknown,Unspecified,,Endemic equilibrium,,,,23.0,,,,False,,,,,,,"Nosocomial Lassa fever outbreak in Jos, Nigeria (1970) with 23 cases, data from Carey et al. 1972.",PMID_25569707,1,2026-01-26T19:19:42.471841
,,1972.0,,,,,False,Liberia,Zorzor Hospital,hospital,Unknown,Unspecified,,Endemic equilibrium,,,,11.0,,,,False,,,,,,,"Nosocomial Lassa fever outbreak in Zorzor, Liberia (1972) with 11 cases, data from Monath et al. 1973.",PMID_25569707,2,2026-01-26T19:19:43.971899
,,1970.0,,,,,False,Nigeria,Jos,city,Unknown,Unspecified,,Endemic equilibrium,,,,5.0,,,,False,,,,,,,"Extra-nosocomial human-to-human transmission chain within Jos outbreak, family members (TI, EE, EE2, SE, FT) totaling 5 cases.",PMID_25569707,3,2026-01-26T19:19:45.527437
27.0,Apr,2010.0,31.0,Jan,2012.0,,False,Sierra Leone,Kenema Government Hospital,hospital,Unknown,Confirmed + Suspected,,Endemic equilibrium,295.0,,1002.0,,,,,False,,,,,,,"Hospitalized Lassa fever cases at Kenema Government Hospital, Sierra Leone from 27 Apr 2010 to 31 Jan 2012. 1002 suspected cases, 295 confirmed via antigen ELISA or IgM.",PMID_25569707,4,2026-01-26T19:19:47.877762
,,2018.0,,,2018.0,,False,Nigeria,,,Unknown,,,,,,,,,,,False,,,,,,,"In 2018, Nigeria recorded an outbreak of Lassa fever sweeping through 18 of 36 states with over 400 confirmed cases; largest outbreak reported.",DOI_9f38d3d860db,1,2026-01-26T19:20:50.690499
,Jan,2020.0,,,2021.0,,False,Nigeria,,,Unknown,,,,,,,,,,,False,,,,,,,Cumulative confirmed Lassa fever cases in Nigeria reported by NCDC from the first week of January 2020 through the eleventh week of 2021 were used for model fitting; specific case numbers not provided in text.,DOI_9f38d3d860db,2,2026-01-26T19:20:52.868280
,Jan,2018.0,,Dec,2018.0,,False,Nigeria,,,Wild animal,Molecular (PCR etc),,Endemic equilibrium,394.0,,,,,,85.0,False,,Confirmed,224.0,,151.0,,National Lassa fever outbreak; confirmed cases via RT-PCR; data from NCDC surveillance 2018; source likely wild rodent reservoir.,PMID_36584167,1,2026-01-26T19:21:29.244748
,Jan,2019.0,,Dec,2019.0,,False,Nigeria,,,Wild animal,Molecular (PCR etc),,Endemic equilibrium,917.0,,,,,,135.0,False,,Confirmed,496.0,,394.0,,National Lassa fever outbreak; confirmed cases via RT-PCR; data from NCDC surveillance 2019; source likely wild rodent reservoir.,PMID_36584167,2,2026-01-26T19:21:30.661016
,Jan,2020.0,,Dec,2020.0,,False,Nigeria,,,Wild animal,Molecular (PCR etc),,Endemic equilibrium,1452.0,,,,,,229.0,False,,Confirmed,742.0,,610.0,,National Lassa fever outbreak; confirmed cases via RT-PCR; data from NCDC surveillance 2020; source likely wild rodent reservoir.,PMID_36584167,3,2026-01-26T19:21:32.026098
,Jan,2021.0,,Dec,2021.0,,False,Nigeria,,,Wild animal,Molecular (PCR etc),,Endemic equilibrium,537.0,,,,,,93.0,False,,Confirmed,262.0,,239.0,,National Lassa fever outbreak; confirmed cases via RT-PCR; data from NCDC surveillance 2021; source likely wild rodent reservoir.,PMID_36584167,4,2026-01-26T19:21:33.391361
,Jan,2015.0,,Dec,2018.0,,False,Nigeria,Bauchi State,state,Unknown,Confirmed + Suspected,,Endemic equilibrium,76.0,,368.0,,,,41.0,False,,Other,,54.0,,,Overall case-fatality rate 54% (41/76); 54% of patients male; all cases reported from districts in southern Bauchi State.,PMID_32186504,1,2026-01-26T19:22:18.133648
,Jan,2016.0,,Apr,2016.0,,False,Nigeria,,,,Confirmed + Suspected,,,164.0,,,,,,147.0,False,,,,,,,"National outbreak in Nigeria reported 268 total cases (suspected, probable, confirmed) with 164 laboratory-confirmed by RT-PCR and 147 deaths between January and April 2016.",DOI_2f2f079e9a7f,1,2026-01-26T19:22:35.611836
,Jan,2016.0,,Aug,2016.0,,False,Nigeria,Jos; Plateau State,,,Confirmed + Suspected,WHO case definition,,11.0,,34.0,,,,10.0,False,,Confirmed,5.0,45.0,6.0,55.0,Study of 34 suspected Lassa fever patients at Jos University Teaching Hospital; 11 confirmed by RT-PCR; case fatality 36% (4 deaths) among confirmed and 26% (6 deaths) among negative; total deaths 10.,DOI_2f2f079e9a7f,2,2026-01-26T19:22:37.078098
27.0,Apr,2010.0,31.0,Jan,2012.0,,False,Sierra Leone,Kenema; Kenema Government Hospital,,Wild animal,Molecular (PCR etc),,,,,1002.0,,,,,False,,,,,,,"Dataset of 1002 suspected Lassa fever cases collected at Kenema Government Hospital, Sierra Leone, from 27 April 2010 to 31 January 2012.",PMID_27588425,1,2026-01-26T19:23:02.198048
,,1969.0,,,1972.0,,False,Nigeria,,,,Confirmed + Suspected,,,23.0,,54.0,,,,25.0,False,,,,,,,,PMID_34460421,1,2026-01-26T19:23:31.509454
,,1973.0,,,1976.0,,False,Nigeria,,,,Confirmed + Suspected,,,7.0,,7.0,,,,2.0,False,,,,,,,,PMID_34460421,2,2026-01-26T19:23:32.803661
,,1977.0,,,1980.0,,False,Nigeria,,,,Confirmed + Suspected,,,1.0,,1.0,,,,1.0,False,,,,,,,,PMID_34460421,3,2026-01-26T19:23:34.038980
,,1981.0,,,1984.0,,False,Nigeria,,,,Confirmed + Suspected,,,0.0,,0.0,,,,0.0,False,,,,,,,,PMID_34460421,4,2026-01-26T19:23:35.348489
,,1985.0,,,1988.0,,False,Nigeria,,,,Confirmed + Suspected,,,0.0,,0.0,,,,0.0,False,,,,,,,,PMID_34460421,5,2026-01-26T19:23:36.618714
,,1989.0,,,1992.0,,False,Nigeria,,,,Confirmed + Suspected,,,23.0,,38.0,,,,27.0,False,,,,,,,,PMID_34460421,6,2026-01-26T19:23:37.900805
,,1993.0,,,1996.0,,False,Nigeria,,,,Confirmed + Suspected,,,2.0,,159.0,,,,21.0,False,,,,,,,,PMID_34460421,7,2026-01-26T19:23:39.185504
,,1997.0,,,2000.0,,False,Nigeria,,,,Confirmed + Suspected,,,26.0,,135.0,,,,26.0,False,,,,,,,,PMID_34460421,8,2026-01-26T19:23:40.474915
,,2001.0,,,2004.0,,False,Nigeria,,,,Confirmed + Suspected,,,73.0,,175.0,,,,86.0,False,,,,,,,,PMID_34460421,9,2026-01-26T19:23:41.769213
,,2005.0,,,2008.0,,False,Nigeria,,,,Confirmed + Suspected,,,202.0,,534.0,,,,213.0,False,,,,,,,,PMID_34460421,10,2026-01-26T19:23:43.074193
,,2009.0,,,2012.0,,False,Nigeria,,,,Confirmed + Suspected,,,467.0,,4925.0,,,,307.0,False,,,,,,,,PMID_34460421,11,2026-01-26T19:23:44.388735
,,2013.0,,,2016.0,,False,Nigeria,,,,Confirmed + Suspected,,,437.0,,4721.0,,,,309.0,False,,,,,,,,PMID_34460421,12,2026-01-26T19:23:45.722790
,,2017.0,,,2020.0,,False,Nigeria,,,,Confirmed + Suspected,,,2893.0,,17262.0,,,,827.0,False,,,,,,,,PMID_34460421,13,2026-01-26T19:23:47.083472
13.0,Jan,1989.0,18.0,Feb,1989.0,,False,Nigeria,Ekpoma; Edo State,town,Domestic animal,Unspecified,,,1.0,,6.0,,,,5.0,False,,,,,,,"Family cluster in Ekpoma; Edo State; six cases (mother, father, two sons, 6-year-old child, medical doctor); five deaths; one case confirmed post mortem",PMID_34460421,14,2026-01-26T19:23:53.377533
7.0,Jan,2018.0,12.0,Jul,2020.0,,False,Nigeria,,,Wild animal,Molecular (PCR etc),"Positive IgM antibody, PCR or virus isolation",Endemic equilibrium,1006.0,,,,,,196.0,False,200000000.0,,,,,,Data represent weekly confirmed Lassa fever cases in Nigeria from 7 Jan 2018 to 12 Jul 2020; cumulative confirmed cases 1006 with 196 deaths.,PMID_37956170,1,2026-01-26T19:26:41.161136
1.0,Jan,2018.0,18.0,Mar,2018.0,,False,Nigeria,Anambra; Bauchi; Benue; Delta; Ebonyi; Edo; Ekiti; Federal Capital Territory; Abuja; Gombe; Imo; Kaduna; Kogi; Lagos; Nasarawa; Ondo; Osun; Plateau; Rivers; Taraba,,Wild animal,Molecular (PCR etc),,Endemic equilibrium,376.0,9.0,1495.0,,,,119.0,False,,,,,,,"WHO report of Lassa fever outbreak in Nigeria from 1 Jan 2018 to 18 Mar 2018; 1495 suspected cases, 376 confirmed, 9 probable, 119 deaths.",DOI_a8a794959220,1,2026-01-26T19:27:04.508012
,,2012.0,,,2012.0,,False,Nigeria,Abakaliki; Enugu,,Unknown,Confirmed + Suspected,,Endemic equilibrium,4.0,,56.0,,,,,False,,,,,,,,PMID_30500827,1,2026-01-26T19:27:25.498934
,,2013.0,,,2013.0,,False,Nigeria,Abakaliki; Enugu,,Unknown,Confirmed + Suspected,,Endemic equilibrium,3.0,,10.0,,,,,False,,,,,,,,PMID_30500827,2,2026-01-26T19:27:26.784476
,,2014.0,,,2014.0,,False,Nigeria,Abakaliki,,Other,Confirmed + Suspected,,Endemic equilibrium,16.0,,41.0,,,,,False,,,,,,,Human-to-human transmission documented; 13 of the 16 confirmed cases clustered together indicating nosocomial spread.,PMID_30500827,3,2026-01-26T19:27:28.394857
,,2016.0,,,2016.0,,False,Nigeria,Abakaliki; Enugu,,Unknown,Confirmed + Suspected,,Endemic equilibrium,6.0,,16.0,,,,,False,,,,,,,,PMID_30500827,4,2026-01-26T19:27:29.720694
1.0,Jan,2018.0,13.0,Mar,2018.0,,False,Nigeria,Irrua Specialist Teaching Hospital; Irrua,hospital,Wild animal,Molecular (PCR etc),,Endemic equilibrium,368.0,,,,,,,False,,Confirmed,,,,,Early 2018 Lassa fever surge in Nigeria; 368 RT-qPCR-confirmed cases at ISTH between Jan 1 and Mar 13 2018; approximately 2:1 male-to-female ratio among confirmed cases reported.,PMID_30332564,1,2026-01-26T19:28:50.480136
11.0,Feb,2017.0,,,,,False,Benin,district hospital,district,,Molecular (PCR etc),,,2.0,,,,,,2.0,False,,,,,,,"Second unrelated case identified on Feb 22, classification not specified.",PMID_32004125,1,2026-01-26T19:29:26.294678
8.0,Jan,2018.0,5.0,Mar,2018.0,,False,Benin,Tanguiéta,district,,Molecular (PCR etc),,,5.0,3.0,16.0,,,,5.0,False,,,,,,,,PMID_32004125,2,2026-01-26T19:29:27.606985
7.0,Dec,2018.0,29.0,Mar,2019.0,,False,Benin,,,,Molecular (PCR etc),,,9.0,1.0,15.0,,,,0.0,False,,,,,,,,PMID_32004125,3,2026-01-26T19:29:28.871265
2.0,Jan,2019.0,,,,,False,Togo,Doufelgou,district,,Molecular (PCR etc),,,,1.0,1.0,,,,1.0,False,,,,,,,,PMID_32004125,4,2026-01-26T19:29:30.110788
,Dec,2017.0,,Apr,2018.0,,False,Nigeria,Abakaliki,city,Wild animal,Confirmed + Suspected,,Unspecified,63.0,6.0,,,,62.0,20.0,False,,Unspecified,38.0,55.1,31.0,44.9,"Outbreak 1 in Ebonyi State, Nigeria (Dec 2017 to Apr 2018) at Virology Centre, Abakaliki; includes 63 confirmed (RT-PCR) and 6 probable cases; 62 hospitalized; 20 deaths; high case fatality 29.9%; male 38 female 31",PMID_33684118,1,2026-01-26T19:30:21.269782
,Aug,2018.0,,Dec,2018.0,,False,Nigeria,Abakaliki,city,Wild animal,Confirmed + Suspected,,Unspecified,7.0,7.0,,,,9.0,12.0,False,,Unspecified,7.0,50.0,7.0,50.0,"Outbreak 2 in Ebonyi State, Nigeria (Aug 2018 to Dec 2018) at Virology Centre, Abakaliki; includes 7 confirmed (RT-PCR) and 7 probable cases; 9 hospitalized; 12 deaths; case fatality 85.7%; male 7 female 7",PMID_33684118,2,2026-01-26T19:30:22.964449
,,2021.0,,,2021.0,,False,Nigeria,,,Wild animal,Confirmed + Suspected,,Endemic equilibrium,510.0,,4654.0,,,,,False,,,,,,,Cumulative 510 confirmed and 4654 suspected Lassa fever cases reported in 2021 across 17 states in Nigeria; outbreak described as endemic.,PMID_37192152,1,2026-01-26T19:31:10.045446
1.0,Jan,2018.0,15.0,Apr,2018.0,,False,Nigeria,,,Wild animal,Molecular (PCR etc),,Endemic equilibrium,413.0,,,,,,114.0,True,,,,,,,,DOI_ae3245a27200,1,2026-01-26T19:31:45.890319
,Apr,2018.0,,Jun,2018.0,,False,Nigeria,,,Wild animal,Unspecified,,Endemic equilibrium,,,1400.0,,,,,True,,,,,,,,DOI_ae3245a27200,2,2026-01-26T19:31:47.284974
28.0,Jan,2019.0,3.0,Feb,2019.0,,False,Nigeria,,,Wild animal,Molecular (PCR etc),,Endemic equilibrium,68.0,,,,,,14.0,True,,,,,,,,DOI_ae3245a27200,3,2026-01-26T19:31:48.704637
,Jun,2018.0,,Jun,2018.0,,False,Liberia,,,Unknown,Unspecified,,,,,,128.0,,,2.0,True,,,,,,,,DOI_ae3245a27200,4,2026-01-26T19:31:50.943488
,,,,,,,False,Germany,,,,,,,,,,,1.0,,,True,,,,,,,Secondary transmission to a physician in Germany; physician remained asymptomatic after likely exposure to an imported Lassa fever patient.,PMID_30666924,1,2026-01-26T19:32:57.277158
,,2016.0,,,,,False,Germany,,,,Molecular (PCR etc),,,1.0,,,,,,,False,,,,,,,Secondary transmission to a mortician in Germany in 2016; mortician developed symptoms and tested positive for Lassa virus by PCR.,PMID_30666924,2,2026-01-26T19:32:58.583995
1.0,Jan,2019.0,29.0,Dec,2019.0,,False,Nigeria,,,Unknown,Molecular (PCR etc),,Endemic equilibrium,833.0,19.0,5057.0,,,,174.0,False,,,,,,,"Outbreak spanned Jan 1 to Dec 29 2019 across 23 states and 86 LGAs; 833 confirmed cases, 19 probable, 5057 suspected; 174 deaths; 1:1 male to female ratio reported but no numeric counts.",PMID_34820499,1,2026-01-26T19:33:14.763272
,Jan,2014.0,,Dec,2014.0,,False,Nigeria,Ondo State,state,Wild animal,Confirmed + Suspected,,Endemic equilibrium,8.0,,,,,,,False,,Confirmed,,25.0,,75.0,Male proportion 25% among confirmed cases (2014).,DOI_99aeb8891ecf,1,2026-01-26T19:33:52.457006
,Jan,2015.0,,Dec,2015.0,,False,Nigeria,Ondo State,state,Wild animal,Confirmed + Suspected,,Endemic equilibrium,3.0,,,,,,,False,,Confirmed,,67.0,,33.0,Male proportion 67% among confirmed cases (2015).,DOI_99aeb8891ecf,2,2026-01-26T19:33:53.807828
,Jan,2016.0,,Dec,2016.0,,False,Nigeria,Ondo State,state,Wild animal,Confirmed + Suspected,,Endemic equilibrium,19.0,,73.0,,,,,False,,Confirmed,,47.0,,53.0,Male proportion 47% among confirmed cases (2016).,DOI_99aeb8891ecf,3,2026-01-26T19:33:55.104297
,Jan,2017.0,,Dec,2017.0,,False,Nigeria,Ondo State,state,Wild animal,Confirmed + Suspected,,Endemic equilibrium,75.0,,207.0,,,,,False,,Confirmed,,51.0,,49.0,Male proportion 51% among confirmed cases (2017).,DOI_99aeb8891ecf,4,2026-01-26T19:33:56.406056
,Jan,2018.0,,Dec,2018.0,,False,Nigeria,Ondo State,state,Wild animal,Confirmed + Suspected,,Endemic equilibrium,161.0,,452.0,,,,,False,,Confirmed,,56.0,,44.0,Male proportion 56% among confirmed cases (2018).,DOI_99aeb8891ecf,5,2026-01-26T19:33:57.710198
,Jan,2019.0,,Dec,2019.0,,False,Nigeria,Ondo State,state,Wild animal,Confirmed + Suspected,,Endemic equilibrium,285.0,,856.0,,,,,False,,Confirmed,,54.0,,46.0,Male proportion 54% among confirmed cases (2019).,DOI_99aeb8891ecf,6,2026-01-26T19:33:59.020276
,,2017.0,,,2018.0,,False,Nigeria,Irrua Specialist Teaching Hospital,hospital,Wild animal,Molecular (PCR etc),,Endemic equilibrium,415.0,,,,,,,False,,,,,,,,PMID_37542071,1,2026-01-26T19:36:48.790684
,,2018.0,,,2018.0,,False,Nigeria,Irrua Specialist Teaching Hospital,hospital,Wild animal,Molecular (PCR etc),,Endemic equilibrium,,,95.0,,,,,False,,,,,,,,PMID_37542071,2,2026-01-26T19:36:50.377757
,,2019.0,,,2020.0,,False,Nigeria,Alex Ekwueme Federal University Teaching Hospital Abakaliki,hospital,Wild animal,Molecular (PCR etc),,Endemic equilibrium,25.0,,,,,,,False,,,,,,,,PMID_37542071,3,2026-01-26T19:36:51.895938
,,2019.0,,,2019.0,,False,Nigeria,Federal Medical Centre,hospital,Wild animal,Molecular (PCR etc),,Endemic equilibrium,13.0,,,,,,,False,,,,,,,,PMID_37542071,4,2026-01-26T19:36:53.365522
,,2019.0,,,2019.0,,False,Nigeria,Nigerian Centre for Disease Control,agency,Wild animal,Molecular (PCR etc),,Endemic equilibrium,5.0,,,,,,,False,,,,,,,,PMID_37542071,5,2026-01-26T19:36:54.878319
,,2017.0,,,2017.0,,False,Nigeria,,,Wild animal,Molecular (PCR etc),,Unspecified,35.0,,71.0,,,,,False,,,,,,,,PMID_37542071,6,2026-01-26T19:36:56.346536
,,2020.0,,,2020.0,,False,Nigeria,Ebonyi; Edo; Oyo,state,Unknown,Molecular (PCR etc),,Unspecified,8.0,,8.0,,,,,False,,,,,,,,PMID_37542071,7,2026-01-26T19:36:57.837263
21.0,Jan,2023.0,,,,,False,Ghana,Greater Accra region; Central region,region,,Molecular (PCR etc),,Endemic equilibrium,28.0,,,,11.0,,1.0,False,,Confirmed,14.0,0.5,14.0,0.5,Outbreak centered in Greater Accra region with 2 confirmed cases in Central region. 28 laboratory-confirmed cases (RT-PCR). 11 asymptomatic cases identified among contacts. No explicit asymptomatic transmission described.,PMID_40356840,1,2026-01-26T19:38:41.338607
,Jan,2023.0,16.0,Apr,2023.0,,False,Nigeria,,,,Unspecified,,Endemic equilibrium,877.0,5.0,4702.0,,,,152.0,False,,,,,,,"2023 Nigeria Lassa fever outbreak reported 877 confirmed cases, 5 probable, 4702 suspected, and 152 deaths between epidemiological weeks 1-15 (ending 16 Apr 2023).",PMID_40356840,2,2026-01-26T19:38:42.778305
26.0,Feb,2022.0,,,,,False,Togo,Takpamba town,town,,Molecular (PCR etc),,Disease-free baseline,1.0,,,,,,,False,,,,,,,Togo reported a Lassa fever outbreak after laboratory confirmation of a case on 26 Feb 2022 in Takpamba town. No further case numbers or outcomes reported.,PMID_40356840,3,2026-01-26T19:38:44.152370
,Jan,2017.0,,Mar,2017.0,,False,Nigeria,,,Wild animal,Molecular (PCR etc),,Endemic equilibrium,107.0,,,,,,50.0,False,,,,,,,First 12 weeks (peak season) of 2017; laboratory-confirmed cases only.,PMID_30807268,1,2026-01-26T19:39:22.499746
,Jan,2018.0,,Mar,2018.0,,False,Nigeria,,,Wild animal,Molecular (PCR etc),,Endemic equilibrium,394.0,,,,,,104.0,False,,,,,,,First 12 weeks (peak season) of 2018; laboratory-confirmed cases only.,PMID_30807268,2,2026-01-26T19:39:23.816422
,Jan,2017.0,,Jun,2018.0,,False,Nigeria,Irrua Specialist Teaching Hospital; Edo state,hospital,Wild animal,Molecular (PCR etc),RT-PCR positive,Endemic equilibrium,214.0,,,,,,,False,,Confirmed,,62.0,,38.0,Cohort of 214 RT-PCR confirmed Lassa fever patients; 17% mortality; cases admitted between Jan 2017 and Jun 2018,PMID_32817220,1,2026-01-26T19:40:11.268545
,Feb,1977.0,,,,,False,Seychelles,,,Unknown,Unspecified,,Unspecified,2.0,,,,,,,False,,,,,,,Outbreak of dengue fever in the Seychelles in early 1977 confirmed; two travelers to Britain had dengue antibodies with infection date February 1977.,PMID_638547,1,2026-01-26T19:40:39.541096
,Aug,2012.0,,,,,False,Nigeria,Ibadan,city,Unknown,Confirmed + Suspected,"Laboratory confirmed (positive IgM antibody, PCR, virus isolation)",Endemic equilibrium,2.0,,4.0,,,,1.0,False,2559853.0,,,,,,Outbreak occurred August 2012 in Ibadan; 4 suspected cases including 2 confirmed; 1 death; study period Sep to Dec 2012; Lassa fever endemic in Nigeria,PMID_30250364,1,2026-01-26T19:41:07.246975
,Dec,2015.0,,Mar,2016.0,,False,Nigeria,Jos University Teaching Hospital; Jos,,,Molecular (PCR etc),LV-specific reverse transcriptase polymerase chain reaction,Endemic equilibrium,10.0,,,,,,,False,,,,,,,"Study of 37 primary contacts of 10 confirmed Lassa fever cases from Dec 2015 to Mar 2016 at Jos University Teaching Hospital, Nigeria; no secondary cases reported.",PMID_27630390,1,2026-01-26T19:41:40.682738
1.0,Jan,2019.0,26.0,Feb,2019.0,,False,Nigeria,Ondo State,state,Wild animal,Molecular (PCR etc),,Endemic equilibrium,118.0,4.0,287.0,,,,21.0,False,4671700.0,Confirmed,67.0,56.8,51.0,43.2,"Study period Jan 1 – Feb 26 2019 in Ondo State, Nigeria; 118 lab-confirmed cases (21 deaths); 287 suspected cases; 4 probable cases; primary rodent transmission; outbreak considered concluded for analysis.",DOI_01f8c71fa2d8,1,2026-01-26T19:41:56.568126
15.0,Oct,2014.0,4.0,Nov,2014.0,,False,Benin,Tanguiéta; Cobly,,,Confirmed + Suspected,,Disease-free baseline,2.0,,16.0,,,,,False,,,,,,,Four healthcare personnel died among the fatalities; case fatality rate reported as 56.3%.,PMID_31534915,1,2026-01-26T19:42:24.855200
,Jan,2016.0,,,,,False,Benin,Tchaourou; Djougou,,,Confirmed + Suspected,,Disease-free baseline,16.0,,54.0,,,,,False,,,,,,,Case fatality rate reported as about 50%.,PMID_31534915,2,2026-01-26T19:42:26.162978
,Jun,2017.0,,Aug,2017.0,,False,Nigeria,Jos; Plateau State,,Wild animal,Molecular (PCR etc),RT-PCR confirmation of suspected cases,Endemic equilibrium,6.0,,4.0,,,,1.0,False,,Other,3.0,0.3,7.0,0.7,6 confirmed RT-PCR; 4 suspected; 1 death; 1 severe case with intestinal perforation,PMID_30515301,1,2026-01-26T19:42:57.493329
29.0,Dec,2019.0,27.0,Dec,2020.0,,False,Nigeria,,,,,,,,,,,,,,True,208248484.0,,,,,,"Confirmed weekly Lassa fever case data from Nigeria representing the epidemic episode of 2019-2020 (Dec 29, 2019 to Dec 27, 2020) used for model fitting.",PMID_41028761,1,2026-01-26T19:43:29.205150
1.0,May,2018.0,31.0,May,2018.0,,False,Nigeria,Iyere,,Unknown,Unspecified,,Endemic equilibrium,3.0,,,,,,,False,,,,,,,Primary cluster? Actually secondary cluster in May 2018 identified as a statistically significant space-time cluster with 3 cases in Iyere sub-urban area of Owo.,DOI_33de2574e24b,1,2026-01-26T19:43:41.578433
1.0,Apr,2019.0,30.0,Apr,2019.0,,False,Nigeria,Idasen (Ilale-Osijogun),,Unknown,Unspecified,,Endemic equilibrium,6.0,,,,,,,False,,,,,,,"Primary space-time cluster identified in April 2019 with 6 cases at Idasen (Ilale-Osijogun) location, statistically significant (p=0.000048).",DOI_33de2574e24b,2,2026-01-26T19:43:44.613364
1.0,Aug,2020.0,31.0,Dec,2020.0,,False,Nigeria,Oke-dogbon road,,Unknown,Unspecified,,Endemic equilibrium,8.0,,,,,,,False,,,,,,,"Secondary cluster from August to December 2020 with 8 cases at Oke-dogbon road, identified as the largest outbreak over a 5-month period.",DOI_33de2574e24b,3,2026-01-26T19:43:46.216207
1.0,Jan,2019.0,28.0,Apr,2019.0,,False,Nigeria,,,,Molecular (PCR etc),,Endemic equilibrium,554.0,,,,,,124.0,False,,,,,,,Laboratory-confirmed cases reported between 1 Jan and 28 Apr 2019 during the 2019 Lassa fever outbreak in Nigeria.,PMID_34880950,1,2026-01-26T19:44:32.220528
,,2016.0,,,2016.0,,False,Benin,Tchaourou commune,commune,Wild animal,Confirmed + Suspected,,Endemic equilibrium,10.0,4.0,5.0,,,,9.0,False,,,,,,,Data extracted from Table 1 for the year 2016.,DOI_850b2c1460a1,1,2026-01-26T19:44:52.811204
,,2017.0,,,2017.0,,False,Benin,Tchaourou commune,commune,Wild animal,Confirmed + Suspected,,Endemic equilibrium,1.0,0.0,1.0,,,,1.0,False,,,,,,,Data extracted from Table 1 for the year 2017.,DOI_850b2c1460a1,2,2026-01-26T19:44:54.158155
,,2018.0,,,2018.0,,False,Benin,Tchaourou commune,commune,Wild animal,Confirmed + Suspected,,Endemic equilibrium,1.0,0.0,5.0,,,,1.0,False,,,,,,,Data extracted from Table 1 for the year 2018.,DOI_850b2c1460a1,3,2026-01-26T19:44:55.458732
1.0,Jan,2017.0,31.0,Dec,2021.0,,False,Nigeria,Ondo State,state,Wild animal,Confirmed + Suspected,,Endemic equilibrium,1115.0,12.0,4551.0,13.0,,,284.0,False,4883793.0,Confirmed,578.0,51.9,530.0,47.6,"Outbreak data extracted from Integrated Disease Surveillance and Response (IDSR) weekly reports for Ondo State, Nigeria, 2017-2021. Includes laboratory-confirmed, probable, and suspected cases. Missing case results considered unspecified.",PMID_40561161,1,2026-01-26T19:46:21.629073
,May,2015.0,,,,,False,United States of America,,,Unknown,,,,1.0,,,,,,,False,,,,,,,"16 high-risk contacts placed on PHTR (6 household, 7 community, 3 healthcare) after a confirmed Lassa fever case imported to the United States in May 2015; contacts remained asymptomatic and were removed after incubation period.",PMID_29155659,1,2026-01-26T19:46:55.714539
,,2018.0,,,2022.0,,False,Nigeria,Ebonyi State,state,Wild animal,Confirmed + Suspected,,Endemic equilibrium,300.0,,,,,,,False,3027452.0,Unspecified,,,,,"Data derived from Ebonyi State Integrated Disease Surveillance and Response (IDSR) database covering 2018-2022; total reported cases 1578, of which 300 laboratory-confirmed; outbreak considered concluded.",PMID_39695525,1,2026-01-26T19:47:52.686847
,Apr,2018.0,,Feb,2023.0,,False,Nigeria,Federal Medical Centre Owo; Owo; Ondo State,hospital,Wild animal,Molecular (PCR etc),RT-PCR positive,Unspecified,124.0,,,,,124.0,7.0,False,,Confirmed,62.0,50.0,62.0,50.0,All 124 cases were RT-PCR-confirmed and hospitalized at the Federal Medical Centre Owo; deaths = 7,DOI_cc3872cd21e1,1,2026-01-26T19:48:24.565778
13.0,Nov,2014.0,16.0,Mar,2015.0,,False,Sierra Leone,Jui Government Hospital,,Unknown,Unspecified,,Unspecified,36.0,,,,,,1.0,False,,,,,,,"Lassa fever cases (n=36) identified among 278 Ebola virus-negative patients admitted to Jui Government Hospital, Freetown, Sierra Leone between 13 Nov 2014 and 16 Mar 2015; diagnosis by ELISA for antigen and IgM; 1 death recorded.",PMID_27058894,1,2026-01-26T19:48:47.898080
,Jan,2019.0,,Apr,2019.0,,False,Nigeria,Etsako West Local Government Area,Local Government Area,Wild animal,,,,871.0,,,,,,12.0,False,,,,,,,"Based on description of 2019 outbreak in Etsako West LGA, Nigeria with 871 confirmed cases and 12 deaths between Jan and Apr 2019.",DOI_9a561291b223,1,2026-01-26T19:49:12.800489
28.0,Nov,2010.0,26.0,May,2011.0,,False,Nigeria,Irrua; Edo State,hospital,,Molecular (PCR etc),RT-PCR,Endemic equilibrium,41.0,,,,,,9.0,False,,Confirmed,15.0,36.6,26.0,63.3,Case series of RT-PCR confirmed Lassa fever patients treated with ribavirin in Irrua Specialist Teaching Hospital; one patient discharged against medical advice.,DOI_d1abd43ee809,1,2026-01-26T19:49:37.512677
,Jan,2020.0,,Dec,2020.0,,False,Nigeria,,,Wild animal,,,Endemic equilibrium,,,,,,,152.0,True,,,,,,,Data from weekly NCDC surveillance reports weeks 1–50 of 2020; total deaths 152; article mentions ~80% asymptomatic infections but no case numbers provided.,DOI_6fad34286844,1,2026-01-26T19:50:07.995683
,Nov,2018.0,,Oct,2019.0,,False,Nigeria,Owo; Federal Medical Center Owo,hospital,,Molecular (PCR etc),,Unspecified,100.0,,,,,,,False,,Confirmed,47.0,56.6,36.0,43.4,Outbreak involved 100 confirmed Lassa fever cases managed at Federal Medical Center Owo from Nov 2018 to Oct 2019; 83 had complete records used in analysis. No deaths or asymptomatic cases reported.,PMID_33312698,1,2026-01-26T19:50:23.262559
,Jan,2018.0,,Mar,2018.0,,False,Nigeria,Abakaliki;Afikpo North;Afikpo South;Ebonyi;Ezza North;Ezza South;Ikwo;Ishielu;Ivo;Izzi;Ohaozara;Ohaukwu;Onicha,Local Government area,Wild animal,Confirmed + Suspected,,,61.0,,89.0,,,,,False,,Confirmed,,,,59.7,Case Fatality Rate among confirmed cases was 26.2%; death count not explicitly reported.,PMID_38716434,1,2026-01-26T19:50:42.268313
,,2011.0,,,2013.0,,False,Brazil,Goiânia,city,Unknown,Molecular (PCR etc),,,2.0,,,,,,0.0,False,,Confirmed,1.0,,1.0,,Both patients received ambulatory care and were cured.,PMID_32186498,1,2026-01-26T19:51:22.306158
,Jan,2015.0,,Dec,2018.0,,False,Nigeria,Bauchi State,state,Unknown,,,,,,,,,,,False,,,,,,,,PMID_32186498,2,2026-01-26T19:51:23.525334
1.0,Jan,2018.0,27.0,May,2018.0,,False,Nigeria,multiple states;21 states,states,Wild animal,Confirmed + Suspected,,Endemic equilibrium,431.0,,1968.0,,,,108.0,False,,,,,,,"Health workers affected: 38 cases, 9 deaths; 81% of confirmed cases from Edo, Ondo, Ebonyi. By November 2018, cumulative deaths 143.",DOI_ddb30ecbd4a1,1,2026-01-26T19:51:47.925850
6.0,Jan,2023.0,31.0,Jan,2023.0,,False,Liberia,Suakoko district; Bong county; Phebe Hospital,district,Unknown,Molecular (PCR etc),,Unspecified,8.0,,,,,,2.0,False,,Confirmed,5.0,62.5,3.0,37.5,Four of the eight confirmed cases were health workers; 72 contacts were listed with 3 secondary cases; 50% of cases were imported from other counties.,DOI_0a06b41c6f3a,1,2026-01-26T19:52:35.970613
,,,,,,,False,Ghana,Weija-Gbawe municipality; Greater Accra region,municipality,Unknown,Unspecified,,,,,,,,,,False,,,,,,,"Outbreak investigation of Lassa fever in Weija-Gbawe municipality, Greater Accra region, Ghana, 2023; article excerpt does not provide case numbers or dates.",DOI_0a06b41c6f3a,2,2026-01-26T19:52:37.335319
,,,,,,,False,Liberia,,,,Molecular (PCR etc),,,14.0,,,224.0,,,0.0,False,,,,,,,,PMID_31404272,1,2026-01-26T19:53:07.044933
,,,,,,,False,Liberia,,,,Molecular (PCR etc),,,1.0,,,1289.0,,,3.0,False,,,,,,,,PMID_31404272,2,2026-01-26T19:53:08.335537
,,,,,,,False,Liberia,,,,Molecular (PCR etc),,,2.0,,,90.0,,,5.0,False,,,,,,,,PMID_31404272,3,2026-01-26T19:53:09.538906
,,,,,,,False,Liberia,,,,Molecular (PCR etc),,,29.0,,,61.0,,,19.0,False,,,,,,,,PMID_31404272,4,2026-01-26T19:53:10.746166
,,,,,,,False,Liberia,,,,Molecular (PCR etc),,,219.0,,,752.0,,,1.0,False,,,,,,,,PMID_31404272,5,2026-01-26T19:53:11.969723
,,,,,,,False,Liberia,,,,Molecular (PCR etc),,,15.0,,,32.0,,,5.0,False,,,,,,,,PMID_31404272,6,2026-01-26T19:53:13.216418
,,,,,,,False,Liberia,,,,Molecular (PCR etc),,,315.0,,,,,,0.0,False,,,,,,,,PMID_31404272,7,2026-01-26T19:53:14.446124
,,,,,,,False,Liberia,,,,Symptoms,,,0.0,,,251.0,,,1.0,False,,,,,,,,PMID_31404272,8,2026-01-26T19:53:15.762421
,,,,,,,False,Liberia,,,,Symptoms,,,0.0,,,17.0,,,0.0,False,,,,,,,,PMID_31404272,9,2026-01-26T19:53:17.005002
,,,,,,,False,Liberia,,,,Symptoms,,,0.0,,,4.0,,,0.0,False,,,,,,,,PMID_31404272,10,2026-01-26T19:53:18.255877
,,,,,,,False,Liberia,,,,Symptoms,,,0.0,,,22.0,,,5.0,False,,,,,,,,PMID_31404272,11,2026-01-26T19:53:19.519120
,,,,,,,False,Liberia,,,,Symptoms,,,0.0,,,192.0,,,0.0,False,,,,,,,,PMID_31404272,12,2026-01-26T19:53:20.789955
,,,,,,,False,Liberia,,,,Symptoms,,,0.0,,,52.0,,,0.0,False,,,,,,,,PMID_31404272,13,2026-01-26T19:53:22.092503
,,,,,,,False,Liberia,,,,Symptoms,,,0.0,,,38.0,,,0.0,False,,,,,,,,PMID_31404272,14,2026-01-26T19:53:23.374143
,,,,,,,False,Liberia,,,,Symptoms,,,0.0,,,29.0,,,3.0,False,,,,,,,,PMID_31404272,15,2026-01-26T19:53:24.708912
,,,,,,,False,Liberia,,,,Symptoms,,,0.0,,,295.0,,,239.0,False,,,,,,,,PMID_31404272,16,2026-01-26T19:53:26.138565
,,,,,,,False,Liberia,,,,Symptoms,,,0.0,,,103.0,,,1.0,False,,,,,,,,PMID_31404272,17,2026-01-26T19:53:27.494276
,,,,,,,False,Liberia,,,,Symptoms,,,0.0,,,,,,11.0,False,,,,,,,,PMID_31404272,18,2026-01-26T19:53:28.989248
,,,,,,,False,Liberia,,,,Symptoms,,,0.0,,,,,,225.0,False,,,,,,,,PMID_31404272,19,2026-01-26T19:53:30.418714
,,,,,,,False,Liberia,,,,Symptoms,,,0.0,,,,,,580.0,False,,,,,,,,PMID_31404272,20,2026-01-26T19:53:31.840592
,Jan,2018.0,,Jun,2018.0,,False,Nigeria,,,,Molecular (PCR etc),,Endemic equilibrium,224.0,,298.0,,,,22.0,False,,,,,,,,PMID_36962735,1,2026-01-26T19:57:17.535681
,Jan,2019.0,,Jun,2019.0,,False,Nigeria,,,,Molecular (PCR etc),,Endemic equilibrium,591.0,,1693.0,,,,78.0,False,,,,,,,,PMID_36962735,2,2026-01-26T19:57:18.865032
,,,,,,,False,Nigeria,,,,Unspecified,,,432.0,10.0,,,,,108.0,False,,,,,,,,PMID_39444507,1,2026-01-26T19:57:41.586676
1.0,Jan,2017.0,23.0,Jul,2017.0,,False,Ethiopia,seven regions,regions,,Symptoms,,,,,39344.0,,,,801.0,False,,,,,,,,PMID_31908855,1,2026-01-26T19:58:15.126138
24.0,Mar,2017.0,15.0,Dec,2017.0,,False,Nigeria,19 states,states,,Molecular (PCR etc),,Endemic equilibrium,376.0,,1495.0,,,,86.0,False,,,,,,,,PMID_31908855,2,2026-01-26T19:58:16.423120
19.0,Aug,2017.0,27.0,Nov,2017.0,,False,Madagascar,55 districts,districts,,Molecular (PCR etc),,Endemic equilibrium,402.0,,,1293.0,,,209.0,False,,,,,,,,PMID_31908855,3,2026-01-26T19:58:20.610634
,,2012.0,,,2012.0,,False,Nigeria,Irrua Specialist Teaching Hospital; Edo State,hospital,,Molecular (PCR etc),RT-PCR positive,,113.0,,,,,,54.0,False,,,,,,,"Retrospective review of hospitalized Lassa fever patients in 2012 at Irrua Specialist Teaching Hospital, Edo State, Nigeria. Psychiatric consultations occurred in 10 of 113 patients. Overall mortality 45.1% (54/113).",DOI_1cf57478dd74,1,2026-01-26T19:58:59.979685
21.0,Jan,2016.0,16.0,Feb,2016.0,,False,Benin,,,,Unspecified,,,6.0,,,71.0,,,2.0,False,,,,,,,Benin Lassa fever outbreak from 21 Jan to 16 Feb 2016; 71 cases total with six laboratory-confirmed; two health worker deaths reported.,DOI_dcefc0ef41f2,1,2026-01-26T19:59:16.963019
,,2017.0,,,,,False,Benin,,,,Unspecified,,,,,,2.0,,,2.0,False,,,,,,,"Benin Lassa fever outbreak in 2017 with two cases reported, both died.",DOI_dcefc0ef41f2,2,2026-01-26T19:59:18.238188
,,2018.0,,,,,False,Benin,,,,Unspecified,,,,1.0,,24.0,,,9.0,False,,,,,,,Benin Lassa fever outbreak in 2018 with 24 cases (including one probable) and nine deaths.,DOI_dcefc0ef41f2,3,2026-01-26T19:59:19.497899
,Dec,2022.0,,Apr,2023.0,,False,Nigeria,Irrua; Edo State,,,Molecular (PCR etc),,,64.0,,,,,,,False,,Confirmed,,56.0,,44.0,"Prospective cross-sectional cohort of PCR-confirmed Lassa fever inpatients at Irrua Specialist Teaching Hospital, Edo State, Nigeria between Dec 2022 and Apr 2023",PMID_39877415,1,2026-01-26T19:59:56.504557
,Jan,2024.0,,Oct,2024.0,,False,Nigeria,,,,Unspecified,,,971.0,,,,,,166.0,False,,,,,,,"National reported Lassa fever cases in Nigeria from Jan to Oct 2024: 971 confirmed cases, 166 deaths",PMID_39877415,2,2026-01-26T19:59:57.814576
,Aug,2023.0,,Dec,2023.0,,False,Nigeria,Owo; Ondo State,,,Molecular (PCR etc),,,37.0,,215.0,,,,6.0,False,,Confirmed,25.0,67.5,12.0,44.4,,DOI_7d439ca423be,1,2026-01-26T20:00:25.762578
,,2018.0,,,2021.0,,False,Nigeria,Edo; Ondo; Ebonyi; Bauchi; Plateau; Taraba; Others,state,Wild animal,Molecular (PCR etc),,Endemic equilibrium,,,,,,,,False,,Confirmed,1513.0,55.4,1216.0,44.6,Analysis of confirmed Lassa fever cases reported by NCDC from 2018 to 2021 across multiple Nigerian states.,DOI_86841854c38f,1,2026-01-26T20:00:56.779697
,,,,,,,False,Sierra Leone,Kenema Government Hospital,,,Molecular (PCR etc),,,28.0,,,,,,16.0,False,,Confirmed,10.0,,17.0,,"Cohort of 50 patients; 22 Lassa-negative controls, 28 Lassa-positive (12 discharged, 16 died). Gender breakdown for Lassa-positive: 17 female, 10 male (total 27 reported).",DOI_e3e546b8448f,1,2026-01-26T20:01:30.834937
,,2015.0,,,2015.0,,False,Sierra Leone,Kenema Government Hospital,,,Molecular (PCR etc),,,29.0,,,,,,,False,,,,,,,"Cohort of 41 patients (29 Ebola-positive, 12 febrile non-Ebola controls) collected during the 2015 Ebola outbreak in West Africa.",DOI_e3e546b8448f,2,2026-01-26T20:01:32.201954
,Jan,2018.0,,Mar,2018.0,,False,Nigeria,Irrua Specialist Teaching Hospital; Irrua; Edo State,,Unknown,Molecular (PCR etc),,Endemic equilibrium,152.0,,,,,,13.0,False,,Confirmed,93.0,,59.0,,Outbreak involved 152 RT-PCR-confirmed Lassa fever patients admitted to Irrua Specialist Teaching Hospital between January and March 2018; overall mortality 13 deaths (9%).,PMID_39450398,1,2026-01-26T20:01:56.651535
,Jan,1996.0,,Apr,1997.0,,False,Sierra Leone,Kenema Hospital,,Unknown,Molecular (PCR etc),,Endemic equilibrium,4.0,,,,,,4.0,False,,,,,,,Study includes 4 fatal cases from the 1997 Lassa fever outbreak in eastern Sierra Leone; all cases were laboratory-confirmed.,PMID_34463715,1,2026-01-26T20:02:28.907056
,,1970.0,,,1974.0,,False,Sierra Leone,Panguma,hospital,Unknown,Unspecified,,Unspecified,2.0,,,5.0,,,,True,,,,,,,Data extracted from Table 1; 2 confirmed cases (1970-1972) and 5 additional Lassa fever cases (1972-1974) reported for Panguma Hospital.,PMID_1085215,1,2026-01-26T20:03:31.014817
